title,min_order,company,min_price,max_price,rating,num_ratings
"IC.INTEGRATED CIRCUITS, MICROCONTROLLERS.ELECTRONIC COMPONENTS, IGBT TRANSISTORS.SOT23-5 BKA AD8615AUJZ AD8615AUJZ-REEL7",5.0,"Shenzhen Yukeda Electronics Co., Ltd.",0.03,0.1,5.0,54.0
Factory Price All in One PC 23.8 Inch Core I3 2nd Generations I5 I7 Office Desktop Computer for Business Home Office,2.0,"Shenzhen Manwei Brother Technology Co., Limited",85.0,129.0,4.9,26.0
JERTECH HG01 Wholesale Electronic Product Wired 3.5 USB Gamer Headset with MIC RGB HIFI PC Gaming Headphones for Computer,1.0,"Guangzhou Shanglong Electronic Technology Co., Ltd.",3.6,5.88,5.0,2.0
MysteryBox Electronics Surprise Explosion Smart Watch 4G SIM Slot Android Operated 5G Gift All Special Occasions Model 59 TK,1.0,"Shenzhen Cyber Blue Electronic Co., Ltd.",8.54,8.54,4.1,189.0
Electronics 3c Lucky New Festival Gift High Quality Smart Watch Mystery Box 100% Surprise Tft Display Waterproof Features,1.0,"Shenzhen Saiborui Technology Co., Ltd.",4.0,4.9,4.5,88.0
(SACOH Electronic Components)UCC27424P,10.0,"Shenzhen Sacoh Electronic Co., Ltd.",0.02,0.02,4.9,118.0
Electronics 3C Lucky New Festival Gift High Quality Smart Watch Mystery Box 100% Surprise TFT Display Waterproof Features,1.0,"Shenzhen Yueqian Mofang Trading Co., Ltd.",4.9,4.9,3.7,385.0
PA1000 Electronics Product Professional Arranger with Touchscreen Speakers Keyboard Professional Arranger Best Quality Pa1000,1.0,"Hunan Zhongchuang Xinyuan Electronic Commerce Technology Co., Ltd.",2419.0,2429.0,4.6,46.0
Super Electronics Headsets A6S TWS BT Earphone PK Redmi Airdots Wireless BT 5.0 Airbuds Ear for Iphone Xiaomi PC,1.0,"Shenzhen Smart Concept Electronics Co., Ltd.",1.57,2.09,4.7,25.0
Factory YG300 4k HD Salange J9pro Portable Projector Mini Beam Pocket Mobile Home Video Projector Kids Story Projector,2.0,"Suzhou Huizhide Glass Material Technology Co., Ltd.",8.39,8.69,4.7,4.0
Electronics Products Gaming Headset 7.1 Super Shocking Sound Effects Stereo Gaming Headset With Led Light for Gaming Laptop,2.0,"Shenzhen Besteye Tech Co., Limited",8.2,15.0,4.7,135.0
USB Led Folding Eye Protection Desk Lamp Charged 1200mA Third Gear Dimming Mobile Phone Holder Reading Study Lamp,10.0,"Shantou Baojiayuan Technology Co., Ltd.",1.96,2.35,4.7,135.0
Best Wired ANC Headphones for Gamers Dedicated E-Sports Headset USB Connectors AAC 40mm Head-Mounted for Laptop Music,2.0,"Shenzhen Hejia Shun Electronics Co., Ltd.",3.9,5.2,4.4,56.0
Cheap Fingerprint Smart Thumbprint Padlock USB Charging IP55 Waterproof Smart Fingerprint Padlock Quick Unlock,5.0,"Qingdao Minmetals Industry Co., Ltd.",8.53,8.53,5.0,4.0
Hainayu IC IC electronic component XR2981 SOP-8 3.3V~5V input 24W output DC/DC boost converter,1.0,"Shenzhen Hainayu Electronics Co., Ltd.",0.01,0.01,4.8,88.0
Best Selling Bone Conduction Speaker For Sleep Stereo Bass Under Pillow Wireless Music Box Super Bass Audio Smart White Noise,10.0,"Shenzhen Abis Precision Technology Co., Ltd.",10.49,10.49,4.8,26.0
Portable Consumer Electronics Anti-Recording Jammer with Remote Control Microphone Suppression Audio Recording Equipment,2.0,"Shenzhen Xiongsi Technology Co., Ltd.",229.8,229.8,5.0,1.0
Aurora Borealis Star Starry Ocean Wave Projector LED Tabletop Bluetooth Music Speaker Player Night Light Northern Lamp,2.0,"Zhongshan Yixin Lighting Co., Ltd.",3.95,4.65,4.8,27.0
KZ EDX Lite 1DD Dynamic In-ear Monitoring HIFI Music Wired Headphones Games Sports DJ Stage Headphones Office Earplugs,1.0,"Dongguan Xinwang Acoustics Electronics Co., Ltd.",3.0,3.5,4.8,161.0
Ice Charge 10000mAh Portable Intelligent Cooling Fan Wireless Fast Charger Magnetic Power Bank With Built-in Fan,500.0,"Shenzhen Hisone Technology Co., Ltd.",8.8,9.8,4.9,12.0
Original DAGPS Accurate GPS Tracker Gt06 Moto Car GPS Tracking Device Tracker Systems Tracking Device GT06N Tk100 Cut Off Fuel,2.0,"Shenzhen Deaoke Electronic Co., Ltd.",11.3,11.3,4.9,99.0
Factory Direct Wall Mounted Wall Socket Indian Electric Switches And Sockets,500.0,"Lonon Industry Co., Ltd.",1.76,4.58,5.0,5.0
QLED TVs OEM Wholesale Electronics Android 13 T2S2 Portable Tv Led Panel 65 Inch Smart Tv 4k ultra hd with bluetooth,1.0,Guangzhou Lucky Star Electronics Products Factory,42.0,340.0,4.4,16.0
Factory Price Security Padlock Smart Door Lock Rechargeable Standard Waterproof Padlock With Fingerprint Key Wireless,2.0,Shenzhen Snp Industrial Group Corporation,6.8,9.5,5.0,9.0
Original Manufacturer Wireless In-Ear Earbuds for Gaming and Sport Long-lasting In-ear Headphones with LED Battery Indicator,1.0,"Shenzhen Jinfengcheng Electronics Co., Ltd.",2.82,2.82,4.5,22.0
Digital BP Machine Portable Electric Tensiometer With Charging Capabilities Blood Pressure Monitor And Machine,1.0,"Shenzhen Hanhan Intelligent Manufacturing Technology Co., Ltd.",5.99,5.99,4.8,11.0
Hot Product Free Samples Wired Headset Earphone OEM Headphones Gaming With Microphone for PC Computer Accessories,5.0,"Shenzhen Siberia Electronic Co., Ltd.",1.51,3.0,3.6,7.0
High Quality Argentina S-Mark Certificated 5W USB Wall Charger Mini Portable 5V 1A USB-A Fast Charger OVP For Earphones,100.0,"Guangdong Sengoog Technology Co., Ltd.",1.0,1.0,4.7,4.0
Hot Bluetooth Earbuds Wireless Earphone Bluetooth Touch True Wireless Stereo Sports Semi in Ear True Wireless Earbud Headphone,2.0,"Trulyway Electronic Development Co., Ltd.",2.69,2.99,4.5,107.0
Factory Sale Mini Bluetooth Portable Speaker 40mm 4ohm 5W Waterproof Multifunction Driver Compact Portable Speakers,500.0,"Shenzhen Xuanda Electronics Co., Ltd.",0.89,1.0,5.0,5.0
Best Supplier Wholesale Original Integrated Circuits Microcontroller Ic Chip Components STM32F103VCT6,1.0,"Shenzhen Dahongxing Electronics Co., Ltd.",0.11,0.11,4.9,26.0
20W PD USB Fast Charger Type-c Wall Charger 3C CCC CQC Certification QC3.0 USB-C Charging For AirPods Watch 5V3A OTP Made China,100.0,"Guangdong Sengoog Technology Co., Ltd.",1.4,1.7,4.7,4.0
Y30 TWS Wireless Headphones 5.0 Earphone Noise Cancelling Headset Stereo Sound Music In-ear Earbuds for iphone Smart Phone,1.0,"Guangzhou Shen Kang Electronic Technology Co., Ltd.",3.5,3.5,4.3,370.0
"2024 Smart Kitchen Accessories 4In1 Battery-Powered Electric Wine Opener Set with Base,Wine Pourer,Wine Stopper",25.0,"Zhuhai Kelitong Electronic Co., Ltd.",3.25,3.25,4.3,15.0
2024 New Wireless Earbuds Tws Headsets Gaming HIFI Bass Sports Game Headphone Earphone T8,1.0,MISSION ELECTRONIC LIMITED,5.8,5.8,4.6,78.0
Ultra Thin Portable 15w 20W Wireless Magnetics Fast Charging Powerbank 10000mah Power Bank Charger LED Logo 10000 MAH,2.0,"Shenzhen Hisone Technology Co., Ltd.",9.58,10.8,4.9,12.0
Boat Headphones Wireless Earphone bluetooth Headset Wholesale,1.0,"Shenzhen Dy Times Technology Co., Ltd.",6.99,6.99,3.7,4.0
3 in 1 Spin Scrubber Wireless USB Rechargeable Kitchen Bathtub Tile Cleaning Dishwashing Brush Electric Cleaning Brush,50.0,Guangzhou Ruipu Industrial Company Limited,1.48,1.5,4.8,8.0
New Trend Release Electronic Products 2025 Sport Gaming Auriculares Bt Wireless TW S Earbuds Earphone Headphone M25 In-Ear Metal,1.0,"Guangzhou Jianniobium Digital Co., Ltd.",2.39,2.39,4.3,98.0
Outdoor Smart Mini Led Portable Projector Proyector Smart Home Theater Video 4k Movie Projector Android Wifi Phone Proyector,1.0,"Shenzhen Homan Technology Co., Ltd.",224.0,236.0,4.9,30.0
new best selling products 2025 electronics products Ultra-thin magnetic wireless power bank fast Charging Power Bank for iphone,20.0,"Shenzhen Balais Technology Co., Ltd.",6.3,6.8,4.9,30.0
Top Sale 13.56mhz NFC Dog Tag Epoxy RFID NFC Tag Unique QR Code Metal NFC Dog Tag,100.0,"Jinjiang Conghe Technology Co., Ltd.",0.85,0.85,5.0,25.0
Integrated Circuit In Stock GL830 integrated circuit kit components IC chip GL830 other ics,1.0,"Shenzhen Maojiexin Electronics Co., Ltd.",1.0,1.0,4.9,75.0
Fingerprint Door Lock With Bluetooth Bedroom Door Keyless Easy Entrance Tubular Smart Knob Lock For Home,1.0,"Jianshi Lock Industry Co., Ltd",19.4,19.8,5.0,1.0
E6S TWS Bluetooth Headphones 5.3 True Wireless Earphone Noise Cancelling LED Display Handsfree Headset Earbuds Auriculares,5.0,"Shenzhen Weidu Times Technology Co., Ltd.",1.62,1.62,4.7,271.0
Portable Cordless 2500mAh Battery 380R/min 300R/min 2nd Gear Home Electric Spin 7-in-1 Cleaning Kit With Brush-multi,5.0,"Liupima (dongguan) Technology Co., Ltd.",11.5,14.3,4.7,7.0
Oem Wireless Handfree Electronics Technology Headset Audifonos Auriculares air Buds with Power Bank Earbuds,1.0,"Guangdong Weijie Supply Chain Technology Co., Ltd.",5.0,5.0,4.7,51.0
"ic.Integrated circuits, microcontrollers, electronic components, IGBT transistors.ESP32C3+SX1262 HT-CT62",5.0,"Shenzhen Yukeda Electronics Co., Ltd.",3.0,4.0,5.0,54.0
Portable 360 Magic Microfiber Flat Mop Set Home Cleaning Products With Extensible Steel Pole Spinning Mop Convenient Head Shape,2.0,"Jiangxi Yingji Daily Necessities Co., Ltd.",2.01,2.49,4.9,11.0
QC2.0 QC3.0 fast charging USB mobile phone charging board DC voltage reduction module supports various brands of mobile phones,5.0,"Shenzhen Yixintai Electronics Co., Ltd.",0.34,0.34,4.8,247.0
Smart Uv Light Self Cleaning Water Bottle With Reminder To Drink App 500ml Led Digital Temperature Display 316 Stainless Steel,50.0,"Shenzhen Lampda Photoelectric Technology Co., Ltd.",3.6,11.88,4.6,26.0
RDA5807 Wireless Stereo FM Radio Receiver Module PCB FM DIY Kits 76MHz-108MHz DC 1.8V-3.6V,2.0,"Shenzhen Jingmaoyuan Electronics Co., Ltd.",0.86,1.26,4.5,80.0
Bathroom Hand Soap Dispenser Ceramic ABS Gold Marbling Dish Soap And Lotion Bottle Pump 300ml Soap Dispenser,10.0,"Shenzhen CHY Technology Co., Ltd.",3.15,3.15,4.8,31.0
OEM ODM Consumer Electronics Mobile Wall Charge Travel with Built in Cable 6 in 1 Phone 10000mah Powerbank Charger,1.0,"Shenzhen Wayto Technology Co., Ltd.",13.86,15.21,4.7,36.0
New Clip-on Earphones TWS Earbuds Noise-Canceling Bone Conduction Earphones Wireless Sport Bluetooth Earbuds for Smart Phones,10.0,"Guangzhou Langston Electronic Technology Co., Ltd.",10.0,10.36,4.8,300.0
"Consumer Electronics High Capacity Portable Mini Powerbank 5000mah, 10000mah Rohs Custom Mobile Chargers",1.0,"Shenzhen Hopepower Technology Co., Ltd.",4.8,4.8,5.0,4.0
YUXING Modern Zinc Alloy Door Lock Stopper Strong Magnetic Under Floor Door Stopper For Hotels,500.0,"Guangdong Yuxing Industry Co., Ltd.",0.76,0.77,5.0,2.0
"Low Price E+H Electronics FMU4x, Ex, 2-wire, HART,v4.0 71025600",1.0,RALPH AUTOMATION INC.,115.76,463.04,5.0,2.0
Hot Sale Digital Blood Pressure Monitor Full Screen LCD Display Automatic Wrist BP Machine With Voice Broadcast Best Seller,1.0,"Shenzhen Hanhan Intelligent Manufacturing Technology Co., Ltd.",6.29,6.29,4.8,11.0
480HZ 360HZ 400HZ 24.5inch Ips Gaming Monitor FHD,1.0,"Shenzhen HonCho Electronic Information Technology Co.,LTD",220.0,230.0,4.0,8.0
AG ultra hd Smart Tv Screens 32 43 50 55 Inch Smart Electronics Television Tvs with Wifi,1.0,"Guangdong Yashikang Electrical Appliances Co., Ltd.",56.0,76.0,4.7,22.0
Creative Bracelet Super Fast Charging Data Cable Charging Treasure Special 22cm Portable Wearable Data Cable,1.0,"Shenzhen Kaibao Technology Co., Ltd.",1.39,1.39,4.6,3.0
High Capacity Magnetic 10000mAh Wireless Charger 20000mah Portable Power BankWireless Charging 2025 Hot Product,1.0,"Shenzhen Yushan Electronic Trade Co., Ltd.",16.96,18.95,4.7,152.0
Hot Selling 3 In 1 Laundry Detergent Pods For Washing Machine Washing Laundry Beads Laundry Detergent Capsules Clean Pods,2.0,"Guangdong Authentic Daily Chemical Technology Co., Ltd.",1.8,2.18,4.9,22.0
256 Kbit (32Kb x 8) UV EPROM and OTP EPROM Electronic components BOM Integrated circuit IC M27C256B-15F1,50.0,"Shenzhen Allnewsemi Electronic Co., Ltd.",0.5,0.5,4.8,10.0
Factory Wholesale Interactive Cat Toy-Automatic Rolling Ball Indoor Playing Stimulating Kitty's Hunting Instinct,10.0,"Ningbo Shuen Pet Products Co., Ltd.",1.63,1.63,5.0,2.0
Wholesale Electronic Items Audifonos Bluetooth Wireless TWS Headphone Gaming Earphone With Atmosphere Light Computer Accessories,10.0,"Shenzhen Topstar Industry Co., Ltd.",2.76,3.28,4.5,35.0
Smart Portable Travel Kettle Portable Electric Cup And Multiple Functions For Trip Mini Electric Kettle Smart Boiler For Trips,1.0,"Zhongshan Boya Electric Appliance Co., Ltd.",9.5,11.0,5.0,17.0
Electronic Products Mobile Phone Accessories Wholesale 3A USB Micro Data Cable Fast Charging Cable 1M 1.5m 2m,10.0,"Henan Longzhen Electronics Co., Ltd",0.22,0.29,4.6,4.0
Mini Home Aromas Humidifier For Car Or Home Innovative Products 2021 USB Home Essential Air Humidifiers,1.0,"Dongguan Xingying Intelligent Home Co., Ltd.",4.85,4.85,4.6,4.0
Cheap Electronics Wireless Bt Headphones A6S Tws Headphones Stereo Music Headphones 5.0 Touch Earbuds LED Mobile Headset,1.0,"Shenzhen Weidu Times Technology Co., Ltd.",1.5,1.5,4.7,271.0
Wholesale Electronics Bulk Air Bluetooth Wireless Conduction Headphones Ergonomics Design Open Ear Headsets,2.0,"Shenzhen Corsran Technology Co.,Ltd",14.79,14.79,5.0,1.0
Teeth Whitening Sonic Electric Toothbrush Oral Tooth Brush Whitening Sonic Electric Toothbrush,2.0,"Shenzhen Ximalong Hi-Tech Co., Ltd.",7.99,7.99,5.0,5.0
P47 Wireless Noise-canceling HIFI Stereo Music Gaming Computer Headset Wireless Gaming Headset ANC Headset Cell Phone,2.0,"Shenzhen Sihuage Electronic Technology Co., Ltd.",1.28,1.28,4.7,74.0
Wholesale New Multi-Functional LED Display Digital Wall Table Alarm Clock Brightness Adjustable With Timer Decorative Purpose,100.0,"Zhangzhou Tongyuan Electronic Co., Ltd.",4.8,5.2,4.9,12.0
Special Price 8 Inch 9inch 10 Inch MONITOR High Definition Monitor DC 12V Multi-Media HDMI VGA USB Universal Standard Interface,1.0,"Shenzhen Oscan Electronics Co., Ltd",45.0,45.0,4.9,29.0
AA AAA Factory Compatible With Energizer 1.5V LR6 LR03 Alkaline AA Battery For Remote Control Toys And Consumer,15.0,"Shuyang Xinneng Battery Co., Ltd.",0.08,0.08,3.0,3.0
AFK Wireless Stereo Best Selling Consumer Electronics Version 5.0 Earphones Headphones Headsets,2.0,"Di Er Digital Audio(longnan) Co., Ltd.",6.5,6.5,4.6,7.0
USB Rechargeable Lighter Light And Compact Type-C Charging Power Outage Protection Top And Bottom Slide Cover Cigarette Lighter,100.0,"Wenzhou Chulang Trading Co., Ltd.",0.55,0.79,4.6,7.0
Multi-Functional Anti-Blue Light BT Smart Glasses Plastic Sports Call & Music Listening Consumer,2.0,"Shenzhen Zhisheng Digital Technoloty Co., Ltd.",14.5,14.5,4.6,21.0
50L Smart Recycle Trash Bins Manufacturer Design Sensor Dustbin 13Gallen Waste Bin Automatically For Kitchen Garbage,2.0,"Zhongshan Hi-na Lifestyle Co.,Ltd.",21.5,26.5,4.7,8.0
TYSH Tuya App Electronic Digital Locks 3d Face Recognition Biometric Fingerprint Smart Door Lock With 9 Languages,1.0,"Guangdong Mingshen Smart Information Technology Co., Ltd.",33.0,33.0,4.9,140.0
Z564-A Luxury Interior Safes Semiconductor Fingerprint Hidden Biometric Mini Safe Intelligent Touch Screen Drawer Safes,2.0,"Foshan Wanlai Hardware Products Co., Ltd.",104.7,104.7,5.0,6.0
Electronics Products Smart Watch Z7 ULTRA High Quality Fashion Long Battery Waterproof Fitness Round Smart Watch,2.0,"Shenzhen Shi Shang E-Commerce Co., Ltd.",8.9,8.9,4.3,38.0
13.3 17.3Thin 15.6 Inch FHD 1080P IPS Screen Type-C HD PC Phone Switch Attachable Portable Monitor for Laptops,1.0,"Jinan Guanshun Electronic Technology Co., Ltd",56.12,56.69,4.5,43.0
2024 New Portable Tv Televisions 21.5 Inch Lcd Advertising Screen Display Portable Tv on Wheels Smart Tvs With Stand,1.0,"Shenzhen Hongshengda Photoelectric Technology Co., Ltd.",179.0,209.0,4.8,46.0
2025 Best Seller New Product 2025 Rechargeable Travel Tooth Brush Waterproof IPX7 Electric Toothbrush for Man Woman,500.0,"Wenzhou Oya Intelligent Technology Co., Ltd.",4.5,5.0,4.8,46.0
Leadingplus OEM True Wireless Stereo Bluetooth 5.1 ANC ENC Finger Touch Control QI In-Ear Earbuds Earphones Headsets Headphones,3.0,"Shenzhen Leadingplus Electronic Co., Ltd.",13.9,13.9,4.7,22.0
New Electronics Power Banks Electronics Customized Mini Wireless Charger Power Bank 10000mah Wireless Power Bank,10.0,"Shenzhen Juhuicheng Technology Co., Ltd.",6.92,13.58,4.9,7.0
Unisex Electronica Mystery Box Square OLED Display Symbian Operation System Super Gift Surprise Ring Lucky Egg Blind Draw,1.0,"Shenzhen Cyber Blue Electronic Co., Ltd.",8.64,8.64,4.1,189.0
New Product Ideas Electric Vacuum Sealer For Household Use - Preserve Freshness And Save Space,72.0,"Zhejiang Qunhai Electronic Technology Co., Ltd.",6.5,6.5,4.6,4.0
3C Electronics LED Reloj Wireless Bluetooth Earbuds Birthday Surprise Gift Boxes Lucky Mystery Blind Box Activity Tracker Pro,1.0,"Chengdu Xiaoliji Cultural Communication Co., Ltd.",19.9,19.9,4.1,30.0
Modern Simple Brief Minimalist Clock Wall Decoration Wall Clocks Home Decor Single Face Plastic Cheap Quartz Wall Clock,10.0,"Yongkang Shengshi Electronic Technology Co., Ltd.",1.1,2.0,5.0,6.0
IC Chip IC ADC 12BIT SIGMA-DELTA 10VSSOP Analog to Digital Converters ADS1015IDGSR In Stock,1.0,"Shenzhen Baiyangxuan Electronics Co., Ltd.",0.65,0.65,4.9,44.0
Cheapest Factory Customizable Waterproof Non-slip Self-adhesive Silicone Rubber Bumper Foot Pad For Furniture Car,100.0,"Dongguan Singyik Environmentally Friendly Materials Co., Ltd.",0.01,0.01,5.0,2.0
A6S Tws Earbuds Wireless Headphone Stereo Headset Sport Microphone Original Earphone for Xiaomi Huawei Samgsung Sony,100.0,"Shenzhen Huawanda Electronics Co., Ltd.",3.15,7.82,4.7,40.0
Universal Standard Multifunction 2 USB Pop Up Furniture Office Desk Meeting Room Socket,50.0,"Guangdong Zhangong Electric Technology Co., Ltd.",8.7,9.0,4.9,15.0
Hainayu IC IC electronic component SP1602 QW3866 SMD SOP8 electric vehicle power management chip,1.0,"Shenzhen Hainayu Electronics Co., Ltd.",0.19,0.19,4.8,88.0
LS-G28 High Quality Consumer Electronics Wireless Headphones Oem Earphones Earbuds Headset Headphone with Mic,2.0,"Shenzhen Lishen Technology Co., Ltd.",2.83,6.31,4.8,3.0
Handheld Sleep Aid Device for Anxiety Relief Night Therapy Relaxation Instrument Insomnia Pressure Relief Consumer,1.0,"Shenzhen ESYS Electronics Co., Ltd.",6.54,6.54,5.0,9.0
Cordless Electric Scrubber With Adjustable Telescopic Handle And USB Power Cleaning Brush For Car RV Outdoor Use,2.0,"Shenzhen Abis Precision Technology Co., Ltd.",13.9,13.9,4.8,26.0
Portable Power Bank 10000mah Mini Mobile Charger 20000mah High Capacity Slim Usb Powerbank,30.0,"Shenzhen E-Teck Offer Technology Co., Ltd.",3.2,4.5,4.7,53.0
Wireless Electric Ear Face Eyebrow Nose Hair Trimmer Waterproof Battery Type Consumer,10.0,"Shenzhen Yitaiwenhua Technology Co., Ltd.",0.84,0.84,4.4,842.0
TWS Wireless Air31 Bt Headset Stereo BT Headset with Digital Display ENC Noise Canceling Headset Gaming Earbuds,2.0,"Shenzhen Sihuage Electronic Technology Co., Ltd.",1.5,1.5,4.7,74.0
27 Inch Borderless LCD 90Hz 2560*1440 16:9 Ips Panel Desktop Conpputer Gaming Monitor for Gaming/office,1.0,"Shenzhen Wucaihong Electronic Technology Co., Ltd.",101.01,101.01,4.9,33.0
Electronics Products Smart Watch High Quality Fashion Long Standby Battery Waterproof Fitness Smart Watch,1.0,"Shishi Qizheng Trade Import And Export Co., Ltd.",24.75,24.75,4.5,43.0
High Quality PSM900 Professional 1-Channel In-Ear Stereo Input Wireless Monitor System Microphone for Consumer,1.0,"Enping Shiyinzhe Electronic Technology Co., Ltd.",118.17,118.17,4.8,136.0
2021 Yyk-520 Tws Lardo Charging Single Earphone Waterproof Headset Bt5.1 LED Display Wireless Headphones Earbuds with Microphone,10.0,"Shenzhen Belking Electronic Co., Ltd.",7.99,7.99,4.6,23.0
15.6 Inch FHD 1920*1080 Portable Monitor USB Type-C IPS LCD Gaming Monitor for Laptop,1.0,"Shenzhen Roof Electronics Co., Ltd.",65.0,65.0,4.6,1.0
SACOH M92T36 High Quality Original Electronic Components Suppliers M92T36,10.0,"Shenzhen Sacoh Electronic Co., Ltd.",1.5,1.5,4.9,118.0
Gaming In-ear Headphones Type C Wired Earphone Stereo Earbud Headset With Mic for Samsung Oneplus Xiaomi Mobile Headset BES AAC,2.0,"Shenzhen Huanpin Electronic Technology Co., Ltd.",3.96,3.96,4.5,50.0
LX-10 ANC+ENC Dual-Mic Noise Reduction Touch Screen Earphones In-Ear HIFI Sound Quality Music Earbuds with 7 EQ Sound Modes,1.0,"Shenzhen Modern Life Electronic Technology Co., Ltd.",7.4,7.4,4.6,422.0
F39 Silent Disco Headphones Wireless Headset Earphone Silent Party Headphones for Silent Disco Parties,1.0,"Shenzhen Diyin Electronics Co., Ltd.",19.0,19.0,4.8,39.0
Christmas MysteryBox Electronics Surprise Explosion Smart Watch 4G GPS SIM Slot Perfect Gift Idea All Special Occasions Android,2.0,"Shenzhen Cyber Blue Electronic Co., Ltd.",8.54,8.54,4.1,189.0
F9-5C True Wireless TWS In-Ear Headphones Small Wireless Bluetooth Earbuds Noise Cancelling Feature Sports Games Auriculares,10.0,"Guangzhou Senlan Electronic Technology Co., Ltd.",1.8,1.8,4.4,159.0
HiFiD New Electronic Products Smart Table Clock Custom Sound Effect Button Machine Sound Machine White Noise,1.0,"Shenzhen Hi-FiD Electronics Tech Co., Ltd.",12.5,13.9,4.9,42.0
Heart-Shaped 30 Second Audio Recorder Plastic Consumer Device with Button Closure Plays Music & Stuffed Animal Gift,1.0,"Shenzhen YDL Technology Co., Ltd.",2.5,2.5,5.0,6.0
High Quality Wholesale Portable Smart Gaming Wireless Headset Digital Display Battery Noise Cancelling Waterproof Mobile Phone,1.0,"Shenzhen Jinfengcheng Electronics Co., Ltd.",3.6,3.6,4.5,22.0
Wholesale 15.6 Slim Laptop Screen New NT156WHM-N44 NT156WHM-N34 NT156WHM-N49 N156BGA-EA3 B156XTN08.0 LCD Panel Laptop Screen,2.0,"Guangzhou Riss Electronic Technology Co.,Ltd.",20.0,21.2,4.8,41.0
Free Sample Shipment Trending Consumer Electronics Product Technology HiFi Audifonos Noise Cancelling Tws Earphones & Headphones,5.0,"Shenzhen Yoke Electronics Co., Ltd.",4.65,4.65,4.5,231.0
Hot Selling Electronic Handfree Reloj for Headset Smart Touch Screen ANC LCD Gaming In-ear Headphones TWS Wireless Earbuds,10.0,Shenzhen Wanfasheng Technology Company Limited.,5.38,5.38,4.4,24.0
T17 ENC Bluetooth Wireless Headphones HiFi Clear Sound TWS Earphones Wireless Earbuds,1.0,MISSION ELECTRONIC LIMITED,6.5,6.5,4.6,78.0
"Hainayu Ic. Chip quotation, electronic component list.JY101-K 23.5v JY101-K 23.5vdC",1.0,"Shenzhen Hainayu Electronics Co., Ltd.",0.4,0.4,4.8,88.0
AISUO TUYA WIFI Face Recognition Lock with Active Intercom with Camera Palm Vein Suitable for Israeli Lock Body Smart Door Lock,2.0,"Microworld (shenzhen) Electronics Co., Ltd.",85.0,85.0,4.9,126.0
SOMICTONE Type-c Earbuds in Ear Wired Earphone Free Shipping Cost Mobile Phone Accessories,2.0,"Guangzhou Xinsheng Electronic Technology Co., Ltd.",1.57,1.57,4.7,18.0
S2 Trendy Electronic Gadgets 2024 OEM Triple Laptop Screen Extender Dual 14inch 1080P HD for Gaming Coding Finance,1.0,"Shenzhen Dingfeng Technology Co., Ltd.",143.1,167.1,4.8,143.0
YIXINTAI Type-C USB 5V 3.1A Boost Converter Step-Up Power Module IP5310 Mobile Power Bank Accessories With Switch LED Indicator,2.0,"Shenzhen Yixintai Electronics Co., Ltd.",0.62,0.67,4.8,247.0
Tech Gadgets 2024 Smart Music Boxing Machine Electronic Home Fitness Target for Adults Sports Stress Relief,1.0,"Shenzhen Centurylux Technology Co., Ltd.",24.99,24.99,4.9,33.0
"Cheap Lcd Monitors Display 37.5"" 4K 144HZ Ultra Wide Curved Gaming Monitor Desktop Computer Display",1.0,"ShenZhen Elecstar Electronic Co., Ltd",258.0,258.0,4.9,46.0
Feedback ANC with AI ENC Noise Cancellation Bluetooth Over-ear Headphones,2.0,"Trulyway Electronic Development Co., Ltd.",10.5,12.0,4.5,107.0
2025 Factory Wireless Headphone Electronics Sport Bluetooth Earphone Deep Bass Open Ear Headset Handsfree Earbuds With Ear Hook,10.0,"Guangzhou Langston Electronic Technology Co., Ltd.",8.65,8.98,4.8,300.0
Top Selling Products on alibaba Power Bank 10000 Mah Consumer,50.0,"Shenzhen Bohua Hengtai Technology Co., Ltd.",1.85,2.95,3.8,6.0
2024 Upgraded Sport BT5.3 Wireless Headphone Smart LCD Touch Screen Earbuds for iPhone Samsung Android,2.0,"Shenzhen Linuo Electronics Co., Ltd.",9.9,9.9,4.8,44.0
Hotsale G01 Wireless BT Headphone Electronics Sport Earphone Neckband Magnetic Bass Headset Handsfree Earbuds with Mic Neckband,20.0,Shenzhen Stepfly Technology Co. Limited,1.1,1.1,4.6,102.0
2025 New Electronic Extended Monitor 14 Inch IPS Panel With Type C Interface LCD Backlit Game Monitor for Laptop,1.0,"Elekworld Technology Co., Ltd.",53.49,53.49,4.6,102.0
YAC002 Hot Sale Electronic Products Portable Fast Charging Mobile Power 10000mah Wholesale 3 USB Charger Power Bank,100.0,"Shenzhen Aocheng Electric Appliance Co., Ltd.",4.86,5.98,4.6,2.0
P47 M Audifonos Top Selling On-Ear Wireless Gaming Headset Blue Tooth Stereo Cute Cat Earphone for Aviation,2.0,"Shenzhen Yitaiwenhua Technology Co., Ltd.",1.45,1.45,4.4,842.0
Full protocol mobile quick charging electrical module QC4.0pd3.0 Flash charging SCPFCP Apple quick charging motherboard,5.0,"Shenzhen Yuandongan Electronics Co., Ltd.",1.49,1.68,4.9,53.0
Push Button Electronic Sound Music Recorder PC Material Condition Digital Type Recordable Talking Message Consumer,1.0,"Shenzhen ESYS Electronics Co., Ltd.",0.3,1.9,5.0,9.0
Full HD 1080P Large Computer Gaming Monitor Screen 15.6 Inch Portable Monitor With Type-C USB for Laptop Pc Mobile Phone,1.0,"Shenzhen Gbzk Electronics Co., Ltd.",85.5,109.0,4.7,18.0
ENJIE 16GB Mini Voice Recorder Digital USB Rechargeable Dictaphone Upgraded Small Tape Recorder Device Lecture Playback,500.0,"Shenzhen Benjie Technology Co., Ltd.",14.4,14.4,4.9,11.0
Wholesale Electronics With 300h Super Long Standby Wireless Earphones Bluetooth 5.3 TWS Earbuds With Alexa Voice Assistant,1.0,"Shenzhen Corsran Technology Co.,Ltd",9.71,9.71,5.0,1.0
KZ 2DD Merga Electronic Frequency Division Technology Dynamic In-Ear Monitor Stage Performance Earphone Earphones Wired,5.0,"Dongguan Xinwang Acoustics Electronics Co., Ltd.",4.95,6.72,4.8,161.0
3 in 1 Spin Scrubber Wireless USB Rechargeable Kitchen Bathtub Tile Cleaning Dishwashing Brush Electric Cleaning Brush,50.0,Guangzhou Ruipu Industrial Company Limited,1.48,1.5,4.8,8.0
2025 New Electronic Extended Monitor 14 Inch IPS Panel With Type C Interface LCD Backlit Game Monitor for Laptop,1.0,"Elekworld Technology Co., Ltd.",53.49,53.49,4.8,8.0
Free Shipping Best Selling Consumer Electronics TWS08 In-Ear Headset Wireless Earbuds Deep Bass Earphone for Media Players,1.0,Shenzhen Heya Technology Limited,23.0,23.0,4.6,293.0
JBD Automatic Identify 17S 20S 21S 24S BMS 60V 72V 82V LiFePO4 Li-ion Battery Pack Battery BMS 40A 60A 100A 150A 200A,30.0,"Dongguan Jiabaida Electronic Technology Co., Ltd.",6.28,53.78,4.6,27.0
Full protocol mobile quick charging electrical module QC4.0pd3.0 Flash charging SCPFCP Apple quick charging motherboard,5.0,"Shenzhen Yuandongan Electronics Co., Ltd.",1.49,1.68,4.9,53.0
"Free Sample 100ml Grinder Cap Glass Spice Bottle, Kitchen Gadgets Disposable Salt And Pepper Grinders",1.0,"Wuxi Tricera Trading Co., Ltd.",0.23,0.8,4.8,6.0
Hainayu IC IC electronic component XR2981 SOP-8 3.3V~5V input 24W output DC/DC boost converter,1.0,"Shenzhen Hainayu Electronics Co., Ltd.",0.01,0.01,4.8,88.0
New Arrival High Quality 18 Type Plastic Panel Touch Wall Switch 250V Home Wall Switches And Sockets Electrical,100.0,"Lonon Industry Co., Ltd.",0.34,2.83,5.0,5.0
Push Button Electronic Sound Music Recorder PC Material Condition Digital Type Recordable Talking Message Consumer,1.0,"Shenzhen ESYS Electronics Co., Ltd.",0.3,1.9,5.0,9.0
Multifunction Cordless 45Inch Handle Dual Speed 360/280RPM 7In1 Electric Spin Scrubber Cleaning Brushes Hand Held For Home Use,5.0,"Liupima (dongguan) Technology Co., Ltd.",14.3,14.3,4.7,7.0
Full HD 1080P Large Computer Gaming Monitor Screen 15.6 Inch Portable Monitor With Type-C USB for Laptop Pc Mobile Phone,1.0,"Shenzhen Gbzk Electronics Co., Ltd.",85.5,109.0,4.7,18.0
High Quality 21.5 Inch Smart Led Display Screen Touch Screen Portable Tv Rechargeable Lcd Tv Mobile Smart Tv,1.0,"Shenzhen Hongshengda Photoelectric Technology Co., Ltd.",219.0,219.0,4.8,46.0
Leadingplus TWINS IPX7 Waterproof Earphone Fone De Ouvido Wireless Touch Headset Bluetooth Earbuds,5.0,"Shenzhen Leadingplus Electronic Co., Ltd.",7.83,7.83,4.7,22.0
Electronics Powerbank Double Usb Mobile Charger 10000mah Battery Power Banks,2.0,"Shenzhen Juhuicheng Technology Co., Ltd.",7.6,8.3,4.9,7.0
JQB Top Selling Products 2023 Portable High Power Station AC 110V/220V Output 100Wh Laptop Power Bank,1.0,"Shenzhen JQB Industrial Co., Ltd.",72.0,72.0,4.5,4.0
Hot Selling Electronic Gadgets OEM Triple Laptop Screen Extender Dual 1080P HD Display Gaming Double Monitor,2.0,Zhiwei Display (Hk) Limited,175.0,178.0,4.9,14.0
Consumer Electronics Portable Mobile Phone Multifunction 3 in 1 Magnetic Wireless Charging Stand Power Banks,1.0,"Shenzhen Wayto Technology Co., Ltd.",12.81,13.28,4.7,36.0
YYK-Q86 Ear Clip Sports Wireless Earbuds LED Digital Display Earphones with Life-Grade Waterproof and HD Sound Quality,2.0,"Shenzhen Modern Life Electronic Technology Co., Ltd.",6.6,6.6,4.6,422.0
"IC.INTEGRATED CIRCUITS, MICROCONTROLLERS.ELECTRONIC COMPONENTS, IGBT TRANSISTORS.TSSOP-14 SC470ITSTRT",5.0,"Shenzhen Yukeda Electronics Co., Ltd.",0.1,0.2,5.0,54.0
Design Custom Circuit Board USB Mini Handheld Fan PCBA USB/TYPE C / Mirco Charging Conventional 3-speed Control PCB Assembly,20.0,"Hangzhou Frankever Electronic Co., Ltd.",0.038,0.054,5.0,4.0
F39 Wireless Headset Electronics Wireless Headphones Earphone Silent Disco Headphones for Silent Disco Parties,100.0,"Shenzhen Diyin Electronics Co., Ltd.",18.0,18.0,4.8,39.0
KZ Angelears Libra Electronic Frequency Division Technology Dynamic In-Ear Monitor Stage Performance Earphone,5.0,"Dongguan Yuanze Acoustics Technology Co., Ltd.",9.9,12.1,4.3,13.0
Factory Best Comfortable Smart Open-Ear Wireless Headset with Digital Display LED Battery Indicator JL Chipset,1.0,"Shenzhen Jinfengcheng Electronics Co., Ltd.",3.6,3.6,4.5,22.0
Wholesale Household Kitchen Waste Bins Bathroom Pedal Bin Stainless Steel Trash Can,200.0,Jiangmen Victory Limited,3.89,12.59,3.5,3.0
High Quality Original Hifi Stereo Dac USB C Type C Headphones In-Ear Wired Earphone for Android Samsung Galaxy Huawei,100.0,"Dongguan Pengji Electronics Co., Ltd.",1.8,2.5,4.7,39.0
LED Light Silent Disco Wireless Headphone For Club Party DJ,100.0,"Shenzhen Go-On Electronics Co., Ltd.",10.0,30.0,4.7,39.0
New 2023 Electronics ST89 Pink LED Cat Ear Headphones Wireless Bt Earphone Earbuds Over Ear Headset for Kids Gift,10.0,"Shantou Kzh Electronics Co., Ltd.",5.5,6.1,4.4,14.0
Wholesale Consumer Electronics Portable Wireless Chargers Power Bank 5000 Ah Wooden Telephone Wireless Charger for Mobile Phone,50.0,Dongguan Win Win Tech. Ltd.,3.0,3.5,4.8,30.0
Magnetic Electronic Digital Timer with Bell Prompt and Large LCD Display for Laboratory Kitchen,100.0,"Shenzhen Ruiletong Technology Co., Ltd.",1.59,1.79,4.9,18.0
Original in stock wholesale 5CEBA9F23C7N BGA Chip components BOM list service In Stock competitive price,10.0,"Shenzhen Huashanweihai Electronics Co., Ltd.",0.7,0.8,4.6,30.0
Smartphone Mobile Lucky Electronics Vintage Mystery Box Randomly Packaged with Dual Camera Touch Control Digital,1.0,"Shenzhen If Then Technology Co., Ltd.",35.99,179.99,4.2,126.0
China Eco-friendly Waterproof Scratchproof PE Electronic Protection Durable Plastic Film For Packaging,1.0,"Foshan Ao Chuan Shun New Materials Industry Co., Ltd.",0.22,0.22,4.9,5.0
Trendy Consumer Electronics LED Display Super Battery Life Ear Phone Headphones BT5.0 Earphone Stereo Tws Wireless Earbuds,1.0,"Shenzhen Shengye Technology Co., Ltd.",5.71,5.71,4.1,119.0
Best Selling Dental Floss Irrigator Oem/odm Water Flosser For Teeth And Braces Cordless Jet Pick 250ml Flosser,1.0,"Shenzhen Willison Electronic Technology Co., Ltd.",9.0,9.0,4.5,4.0
CY-C05 In-Ear Wired Earphones Clear Sound Sports Microphone Type C Plug for iPhone Samsung Headset for Gaming Music Universal,2.0,"Shenzhen Wxhbest Electronic Technology Co., Ltd.",0.8,0.8,4.7,112.0
New Factory Delivery Electronique Portable Toy Microscope Magnifying Glasses 500x Mobile Repair Portable Mini Digital Microscope,1.0,"Bangbang Youpin (shenzhen) Industrial Co., Ltd.",10.3,13.7,4.6,52.0
2025 New Electronic Portable Triple Monitor Gaming Laptop Wholesale 16 Inch Dual LED LCD Screen with IPS Panel Type C Interface,1.0,"Shenzhen Tlosun Electronics Technology Co., Ltd.",180.0,235.0,4.8,8.0
Safewell Factory Direct Electronic Commercial Hotel Room Safe Box Magnetic Lock For Wardrope Hotel,50.0,"Ningbo Safewell Smart Security Products Co., Ltd.",28.0,35.0,4.8,8.0
Microcurrent Sleep Aid Instrument Consumer Device to Soothe Nerves and Relieve Anxiety Ces Sleep Aid Machine,30.0,"Shenzhen YDL Technology Co., Ltd.",6.54,6.54,5.0,6.0
China Custom Large ABS Plastic Injection Molding Service CNC Machined Prototyping Moulds,1.0,"Dongguan Jincheng Electronic Technology Co., Ltd.",0.01,0.01,4.9,6.0
Original Logitech H390 Wired Headset Computer Gamer Headset With Noise Reduction Microphone USB Wired Headphones,4.0,"Dongguan Wandeshun Trading Co., Ltd.",16.43,17.0,5.0,8.0
New Product 2025 Portable 20000mAh Battery OEM/ODM Travel Toothbrush Deep Cleaning Smart Electric Toothbrush,100.0,"Wenzhou Oya Intelligent Technology Co., Ltd.",4.9,5.3,5.0,8.0
2024 Tws Verified Suppliers Trending Wireless Electronics Products Audifonos Bluetooth Earbuds Earphones Bluetooth Wireless,2.0,Shenzhen Kinlan Technology Company Limited,10.3,10.3,4.8,49.0
Multifunction Portable Charge Adapter 33W 65WGan Fast Wall Socket Type C USB a QC3.0 PD US EU UK Universal Mobile Phone Chargers,1.0,"Jiangmen Pengjiang District Sichuang Trading Co., Ltd.",2.3,3.7,4.2,5.0
Trending Products 2024 New Electronics Products Original Ear Hook TWS Free Open Ear Clip Earbuds Wireless Bluetooths Earphones,1.0,"Shenzhen Yoke Electronics Co., Ltd.",3.65,3.65,4.5,231.0
Best Seller 5 Modes Smart Pressure Control Pressure Sensor Electric Toothbrush for Beginner-Friendly Experience,500.0,"Wenzhou Oya Intelligent Technology Co., Ltd.",6.0,6.5,4.5,231.0
New Arrivals 2024 Trending Electronics Products Wireless Mobile Cell Phone Charging Station Menu Table Ads Power Bank Restaurant,1.0,"Shenzhen Friday Originality Technology Co., Ltd.",68.0,68.0,4.8,26.0
"IC.INTEGRATED CIRCUITS, MICROCONTROLLERS.ELECTRONIC COMPONENTS, IGBT TRANSISTORS.BGA64 PC28F00AP30BFA",5.0,"Shenzhen Yukeda Electronics Co., Ltd.",0.1,0.3,5.0,54.0
Smart Uv Light Self Cleaning Water Bottle With Reminder To Drink App 500ml Led Digital Temperature Display 316 Stainless Steel,50.0,"Shenzhen Lampda Photoelectric Technology Co., Ltd.",3.6,11.88,4.6,26.0
"IC.INTEGRATED CIRCUITS, MICROCONTROLLERS.ELECTRONIC COMPONENTS, IGBT TRANSISTORS.TSOP56 JS28F640J3F75 JS28F640J3F75A",5.0,"Shenzhen Yukeda Electronics Co., Ltd.",0.1,0.3,5.0,54.0
YOUMAY U Shape Neck Back Shoulder Car Home Use Vibration Slimming Electric Massage Belt,2.0,"Huizhou Youmay Medical Equipment Co., Ltd.",4.99,8.99,4.2,4.0
Factory Wholesale Oem 32 Inch ultra Wide Curved Led Computer Screen 2k 1Ms 240hz Led Desktop Lcd Gaming Pc Monitor,1.0,"Shenzhen Wucaihong Electronic Technology Co., Ltd.",153.0,153.0,4.9,33.0
Smart Portable Travel Kettle Portable Electric Cup And Multiple Functions For Trip Mini Electric Kettle Smart Boiler For Trips,1.0,"Zhongshan Boya Electric Appliance Co., Ltd.",9.5,11.0,5.0,17.0
27 Inch All in One Computer With Lifting HD Camera 2k 4k 165/240hz IPS Borderless Office Desktop LCD Monitor,2.0,"Shenzhen Wucaihong Electronic Technology Co., Ltd.",86.0,118.0,4.9,33.0
Mini Home Aromas Humidifier For Car Or Home Innovative Products 2021 USB Home Essential Air Humidifiers,1.0,"Dongguan Xingying Intelligent Home Co., Ltd.",4.85,4.85,4.9,33.0
3.5 mm Sport Stereo Music Noise Cancelling Jack Wired Earphones Headset Headphone With Microphone for Mobile Accessories,500.0,"Henan Astra Industrial Co., Ltd.",0.25,0.32,4.9,48.0
Stainless Steel Laser Engraving Printing Custom Logo Black Cigarette Set Windproof Oil Cigarette Lighter,10.0,"Yiwu Luoke Trading Co., Ltd.",0.88,1.09,3.9,46.0
Electronics Products Smart Watch High Quality Fashion Long Standby Battery Waterproof Fitness Smart Watch,1.0,"Shenzhen Greenwin Technology Co., Ltd.",11.5,11.5,4.8,114.0
Bathroom Hand Soap Dispenser Marbled Ceramic ABS 400ML Foaming And Lotion Soap Dispenser,49.0,"Shenzhen CHY Technology Co., Ltd.",2.68,3.44,4.8,31.0
AC Wall Plug Ultrathin Built in Cable 22.5W Fast Charger 20000mAh Large Capacity Portable Battery Pack for Iphone Power Banks,1.0,"Dongguan Xionel Electronic Technology Co., Ltd.",10.4,12.4,4.8,19.0
2.4 GHZ K9 Dual Microfone Sem Fio Para Celular Micro Sans Fil Lapel Mini Lavalier Mic Wireless Microphone For Mobile Cell Phone,10.0,"Shenzhen Yongchuangcheng Technology Co., Limited",3.9,4.9,4.7,40.0
Electronics Charger Built in Cable Charger USB-C PD20W 22.5W Fast Charging 20000mAh High Capacity Portable AC Plug Power Bank,1.0,"Dongguan Xionel Electronic Technology Co., Ltd.",10.4,12.4,4.8,19.0
BSCI Factory Custom Foreign Language Arabic Russian Spanish ESP Keyboard Skin Silicone Keyboard Colorful Laptop Keyboard Covers,50.0,"Shenzhen HRH Technology Co., Limited",0.32,0.32,5.0,2.0
Hot-Selling One-Button Operated Electronic Metronome,1.0,"Hangzhou Ruanling Culture Communication Co., Ltd.",10.74,10.74,4.4,23.0
50L Smart Recycle Trash Bins Manufacturer Design Sensor Dustbin 13Gallen Waste Bin Automatically For Kitchen Garbage,2.0,"Zhongshan Hi-na Lifestyle Co.,Ltd.",21.5,26.5,4.7,8.0
2024 Best Selling ENC Noise Cancelling Wireless Bluetooth Trucker Headphone with Microphone,1.0,"Shenzhen Kensing Electronic Co., Ltd.",17.99,17.99,4.6,37.0
Digital Upper Arm Blood Pressure Monitors New Design Sphygmomanometer BP Machine With Electric Power Source,50.0,"Shenzhen Hanhan Intelligent Manufacturing Technology Co., Ltd.",4.5,4.5,4.8,11.0
New 2025 Products OEM 5V2A Large Capacity 5000mAh Portable Charging Bank Mini Charger for Iphone Type C Small Apple Power Banks,2.0,"Dongguan Xionel Electronic Technology Co., Ltd.",4.08,5.41,4.8,19.0
New Product Ideas Electric Vacuum Sealer For Household Use - Preserve Freshness And Save Space,72.0,"Zhejiang Qunhai Electronic Technology Co., Ltd.",6.5,6.5,4.6,4.0
2024 Home Use Smart Magic Sleep Instrument ABS Handheld Microcurrent Pulse Decompression with Charging for Insomnia Relief,2.0,"Shenzhen ESYS Electronics Co., Ltd.",7.43,7.43,5.0,9.0
Cattle Sheep Pig Electronic Ear Tag Remote Electronic Tag 2.4G Active RFID Radio Frequency Search Inventory,1.0,"Hainan World Electronic Science and Techology Co., Ltd.",5.0,5.0,5.0,9.0
Dog Pet Toy with Heartbeat Consumer Electronics for Anxiety Relief and Calming Soothing Ease,1.0,"Shenzhen ESYS Electronics Co., Ltd.",2.02,2.02,5.0,9.0
New Small Electric Rechargeable Fan Mini Handheld Portable Usb Charging Desktop Hand Holding Custom Creative Cactus Fan,2.0,"Dongguan Xingying Intelligent Home Co., Ltd.",4.11,4.11,5.0,9.0
New 2024 Trending Product Electronics 10000mAh Fast Charging Backup Battery 2 in 1 Charger Portable Built-in Cable Power Bank,500.0,"Dongguan Xiaogu Electronic Technology Co., Ltd.",6.99,13.99,5.0,9.0
OEM 7-In-1 Multifunction Adjustable Telescopic Rod Cordless Spin Scrubber Wholesale Convenient Cleaning Brushes For Bathroom,5.0,"Liupima (dongguan) Technology Co., Ltd.",10.7,13.4,4.7,7.0
SOMIC TONE High Quality Music Earphones Wholesale Good Quality Wired Headphone Earphone Earbuds Headset for Phones Computer,1.0,"Guangzhou Xinsheng Electronic Technology Co., Ltd.",1.29,1.29,4.7,18.0
ESSAGER ES-OTG26 Wholesale Custom Portable OTG Mobile Phone Electric Lighter USB Type C Mini Lighter for Mobile Phone,100.0,"Shenzhen Huachuang Zhibo Technology Co., Ltd.",1.22,1.4,5.0,4.0
SOMIC TONE D13 Earphones In-ear With Mic Bass Headset PC Computer Game Music Wired Earphone for High Quality,1.0,"Guangzhou Xinsheng Electronic Technology Co., Ltd.",0.82,0.82,4.7,18.0
Ultra Thin Portable 15w 20W Wireless Magnetics Fast Charging Powerbank 10000mah Power Bank Charger LED Logo 10000 MAH,2.0,"Shenzhen Hisone Technology Co., Ltd.",9.58,10.8,4.9,12.0
JAKCOM ET Non in Ear Concept Earphone Hot Sale with Other Consumer As msi Gaming Laptop 1080 sega logo Bite Away,2.0,"TNC CONCEPT CO., LIMITED",350.0,351.0,4.9,12.0
OEM Customize Colorful Light Portable Humidifier For Large Room Luxury Aroma Box Uv Light Tall Smart Humidifier,500.0,"Guangdong Shunde Noon Electrical Technology Co., Ltd.",20.0,30.0,4.9,12.0
(DHX Best Supplier)LM324N,1.0,"Shenzhen Dahongxing Electronics Co., Ltd.",0.11,0.11,4.9,26.0
300W Portable Electric Chopper Great Price Home Kitchen High Speed Household Meat Grinder,100.0,"Bazhou Woohe Technology Co., Ltd.",5.0,5.0,4.9,26.0
"YYK-Q71 LED Power Display Earbuds Ear Clip Sports Earphones ENC Intelligent Noise Reduction, 28ms Low Latency, IPX7 Waterproof",2.0,"Shenzhen Modern Life Electronic Technology Co., Ltd.",5.5,5.5,4.6,422.0
Cross-Border Best Seller High-Frequency Vibration Deep Plaque Removal Easy Carry CE/ FDA Certified Smart Electric Toothbrush,100.0,"Wenzhou Oya Intelligent Technology Co., Ltd.",5.8,6.2,4.6,422.0
YYK-Q17 Royal Blue Electroplating Ear Hook Sports Earbuds AI Translation Earphones with Dual Mics for Call Noise Reduction,2.0,"Shenzhen Modern Life Electronic Technology Co., Ltd.",7.65,7.65,4.6,422.0
China 7-In-1 Waterproof 360R/min 280R/min 2nd Gear Multifunctional Smart Display Electric Cleaning Brush Wireless Kitchen Sink,5.0,"Liupima (dongguan) Technology Co., Ltd.",11.0,13.9,4.7,7.0
Customized Consumer Electronics AI Assistant Headphone Noise Cancelling Headset Sport Stereo Wireless Earphones Wireless Earbuds,1.0,"Shenzhen Wanwei Acoustics Co., Ltd.",7.5,8.0,4.0,9.0
Automatic SMD LED Making Chip Mounter Assembly PCB SMT Pick And Place Machine Production Machinery Equipment,1.0,"Wuxi KAYO Automation Equipment Co., Ltd.",5.0,10.0,5.0,1.0
Wireless Earphones Consumer Electronics Sport Headset with Microphone Bone Conduction Headphones,1.0,"Shenzhen Kingstar Technology Co., Ltd.",2.99,4.99,4.2,41.0
"Tempered Glass Wall Light Switch Button Black UK Plug Universal Wall Socket With USB , UK Switches and Socket 220V",10.0,"Zhejiang Yunduo Electrical Technology Co., Ltd.",0.73,4.3,4.6,12.0
Five-in-One Digital Handheld Wall Detector for Consumer Metal Wood AC Detector Multifunctional,2.0,"Fuzhou Emonita Technology Co., Ltd.",12.0,17.0,5.0,11.0
COREMY Portable Thermal Brush Electric Hot Comb Hair Barrel Curling Comb With Ceramic Round Brush Ionic Volumizing Heated Brush,500.0,"Shenzhen Coremy Technology Co., Limited",8.89,9.89,4.9,35.0
Plastic new TS12A4516DR Electronic ic with low price,10.0,"Shenzhen Gaoxin Sheng Electronic Co., Ltd.",0.15,0.99,4.9,28.0
MSDS Bsci Sticky Putty Dust Keyboard Cleaning Gel Magic Gel Dust Cleaner For Car Laptop Computer PC Printer,100.0,"Shenzhen HRH Technology Co., Limited",0.33,0.4,5.0,2.0
"IC.INTEGRATED CIRCUITS, MICROCONTROLLERS.ELECTRONIC COMPONENTS, IGBT TRANSISTORS.BGA64 PC28F512P30TFB",5.0,"Shenzhen Yukeda Electronics Co., Ltd.",0.1,0.3,5.0,54.0
Waterproof Smart Ring Fitness Tracker For Sports For Android Devices Features Heart Rate & Sleep Monitoring With Charging Case,5.0,"Shenzhen Bsxtek Technology Co., Ltd.",9.58,10.5,5.0,1.0
27 Inch Borderless LCD 90Hz 2560*1440 16:9 Ips Panel Desktop Conpputer Gaming Monitor for Gaming/office,1.0,"Shenzhen Wucaihong Electronic Technology Co., Ltd.",101.01,101.01,4.9,33.0
Outdoor Portable Leather PD Mini Micro USB Bracelet Charger Data Charging Cable Android Type-C Cell Phone Cable Charging Cable,1.0,"Shenzhen Kaibao Technology Co., Ltd.",1.39,1.39,4.6,3.0
OEM High-Speed 6A Super Fast Charging Type-C USB Data Cable Pure Copper Accessory for iOS Computer Earphones,2.0,"Dongguan Hantai Electronics Co., Ltd.",0.4,0.4,4.8,74.0
Lightweight Electric Cleaning Brush For Stanley Cup Household Travel Multifunctional Bottle And Straw Brush For Cleaning,1.0,"Guangzhou Tuowan Digital Technology Co., Ltd.",4.79,6.5,5.0,2.0
Hifi Headphones Wired Earphones with Earphone for iphone 5 to 14,2.0,"Shenzhen Xintailai Electronics Co., Ltd.",3.3,3.3,4.5,10.0
Steam Hand-held Garment Steamer Machine Iron Student Portable Mini Ironer Home Steam Small Handheld Iron,10.0,"Wenzhou Haobang Health Technology Co., Ltd.",8.0,8.0,3.6,5.0
Type-C Wired Usb c Earphone 3.5mm with Mic with Wired Anc Type c Earphones Bass for iphone 16 Huawei/Xiaomi/Samsung,20.0,"Shenzhen Xintailai Electronics Co., Ltd.",1.2,1.5,4.5,10.0
Universal Aluminum Fire Rated Door Closer With Adjustable Speed For 45-65KG Commercial Hospital Smart Door Closer,50.0,"Zhaoqing Gaoyao Jiandasi Metal Products Co., Ltd.",3.32,3.32,4.5,10.0
Hifi Headphones 3.5mm Type-C Wired Earphones with Earphone Custom logo for apple 5/6/7/15/16 Samsung/Xiaomi,20.0,"Shenzhen Xintailai Electronics Co., Ltd.",1.2,1.5,4.5,10.0
"Three Level Adjustable Ear Plugs Noise Reduction Modes For Ultimate Control Flexible Earplugs For Focus, Travel",1.0,"Shenzhen Quanmeng Technology Co., Ltd.",6.4,6.4,4.7,22.0
Type-C Hifi Gaming Wired Earphones with Earphone Custom logo with Mic for iphone 15/16 Huawei/Samsung,10.0,"Shenzhen Xintailai Electronics Co., Ltd.",2.5,2.5,4.5,10.0
YMC Heavy-Duty Auto Door Closer Aluminum Alloy Automatic Self-Closing Door Closer For Hotels Concealed Smart Door Closer,10.0,"Jiangmen Jiangyi Hardware Co., Ltd.",3.8,3.8,4.8,8.0
USB-C Wired Earphones with Microphone for iPhone 15/16 and Samsung,10.0,"Shenzhen Xintailai Electronics Co., Ltd.",1.4,1.4,4.5,10.0
2025 Hot Sell Intelligent Automatic Electronic Toothbrush Sonic Electric Toothbrush,2.0,"Shenzhen Ximalong Hi-Tech Co., Ltd.",9.89,9.89,5.0,5.0
LISEN Super Mini 4 in 1 Power Bank 10000mAh 45W Portable Charger Battery with LED Display Built-in USB C Cables Fast Charging,5.0,"Shenzhen Lisen Technology Co., Ltd.",9.21,9.51,4.7,106.0
Gitratech In Stock Small Capacity 128MB USB Flash Drive 128MB Pen Drive Factory Direct USB Storage Bulk Packed In Tray,2.0,"Shenzhen Gitra Technology Co., Ltd.",0.95,5.05,4.9,150.0
LISEN Hot Sale 4 in 1Fast Charging 10000mAh Power Bank with PD3.0 Dual USB-C LED Display Fast Charge for Phone Laptop Devices,5.0,"Shenzhen Lisen Technology Co., Ltd.",9.26,9.57,4.7,106.0
Unique Mini USB Air Retro Radio Shape Humidifier With Night Light As Gift,2.0,"Dongguan Xingying Intelligent Home Co., Ltd.",4.85,4.85,4.7,106.0
LISEN Compact Mini 10000mah Built-in Dual Cable Power Bank Fast Charging 45W Max Portable Charger for iPhone Samsung Macbook,5.0,"Shenzhen Lisen Technology Co., Ltd.",9.21,9.51,4.7,106.0
CM Brand Curtain Motor With RS485/RF433/Wifi/Zigbee/Remote Control Electric Curtain Smart Home Automatic Curtain Opener,2.0,"Guangdong Changming Electromechanical Co., Ltd.",10.8,13.5,4.5,13.0
Mystrybox Vintage Mystery Box Randomized Blind Box with Lucky Drop Surprise Functioning as an Activity Tracker,1.0,"Shenzhen Cyber Blue Electronic Co., Ltd.",5.57,5.57,4.1,189.0
Hot Sale Hand Crank Self Powered Solar Emergency Survival Radios With 3 LED Flashlight 20000mah Power Bank Smart Phone Charger,1.0,"Shenzhen Xingji Yigou Technology Co., Ltd.",16.99,22.99,4.8,18.0
Jertech S6 Wholesale Cheap Price Mini Usb 2.0 Computer Accessories Led Light 30w Speaker & Horn Speaker for Pc Laptop Desktop,1.0,"Guangzhou Shanglong Electronic Technology Co., Ltd.",4.57,4.93,5.0,2.0
2025 Best Seller New Product 2025 Rechargeable Travel Tooth Brush Waterproof IPX7 Electric Toothbrush for Man Woman,500.0,"Wenzhou Oya Intelligent Technology Co., Ltd.",4.5,5.0,5.0,2.0
JERTECH S5 Wired USB 3.5 Power Computer Gaming Speaker Manufacturer Colorful LED Light PC Speaker,10.0,"Guangzhou Shanglong Electronic Technology Co., Ltd.",6.34,6.34,5.0,2.0
No Punching Latch Bathroom Door Latch Anti-theft Buckle Door Lock Bedroom Anti-lock Artifact Buckle Hasp Surface-mounted Lock,100.0,"Guangzhou Xiduo Hardware Products Co., Ltd.",0.3,0.3,5.0,4.0
C-4 2024 ANC Active Noise Cancelling Earbuds New Wireless IPX Waterproof Digital Display Headset BT Earphone Telephone Headsets,20.0,"Dongguan Urus Electronics Technology Co., Ltd.",4.3,4.5,4.7,43.0
2025 Wholesale Tens Unit Electric Massage Device Ems Muscle Stimulation Therapy Device Relaxation Body Massager For Homeuse,1.0,SHENZHEN SKYFOREVER TECHNOLOGY LIMITED,12.8,12.8,4.7,12.0
Mystery Box with Products 100% Surprise Reviews Lucky Game Controllers Novelty Random Mouse Pads Mystery Box Watch,1.0,"Shenzhen Cyber Blue Electronic Co., Ltd.",39.6,39.6,4.1,189.0
18w Low Noise Audio Sound Bar Oem Competitive Wifi Smart Speak Wholesale Price Bedroom Baby Mode Guangzhou Air Purifier,500.0,"Guangdong Shunde Noon Electrical Technology Co., Ltd.",15.0,25.0,4.1,189.0
New Tech Portable Power Bank Shenzhen Electronics 10000mah Portable Moilbe Power Bank Original for Mobile Phone,100.0,"Shenzhen Zhongxinli Electronic Technology Co., Ltd.",7.08,9.6,3.7,7.0
Phone Accessories Store Hot Sale Find Screen Protector AI Magic Box For Xiaomi Anti-scratch Tempered Glass Mobile Phone Film,500.0,"Guangzhou Ehang Electronic Co., Ltd.",0.3,0.41,5.0,3.0
STW High Quality LCD Display Portable Module 10000mah Fast Charge Portable Mini Power Bank for Phone,50.0,"Shenzhen Zhongxinli Electronic Technology Co., Ltd.",5.3,6.7,3.7,7.0
Furniture Office Locker Finger Print Tuya App Unlock 20 Sets Biometric Smart Fingerprint Cabinet Lock,100.0,"Ningbo Rato Hardware Co., Ltd.",4.99,7.9,4.7,37.0
Earphones 5.3 Bt Chip Electronics Products Long-lasting Battery Life and Mutual SoundThe Charging Compartment Can Charge,2.0,"Shenzhen Cyber Blue Electronic Co., Ltd.",7.79,7.79,4.1,276.0
Home Use Facial Device Skin Care Beauty Equipment Electric Machine Tools,10.0,"HK SHENGBANGHUA TECHNOLOGY CO., LIMITED",10.5,12.5,4.8,17.0
"Factory Directly Sell 2.01"" TFT HD 300mAh IP67 REAL SENSOR BT Phone Call Correas Para Smart Watch Ultra",1.0,"Shenzhen Efast Technology Co., Ltd.",8.5,8.5,4.6,225.0
Wholesale R6 Aa Carbon Zinc Non Rechargeable 1.5v Mp3 Player Battery,10.0,"Suzhou Nanguang Battery Co., Ltd.",0.03,0.04,4.6,225.0
SDSQXAV-256G-GN6MN Consumer Electronics Product,1.0,JIMPOWER TRADING LIMITED,17.4,17.4,4.9,16.0
P4 HD Indoor LED Display Flexible For Conference Advertising & Digital Signage For Retail Store & Shopping Mall Sample Available,1.0,"Shenzhen Sansonic Technology Co., Ltd.",15.0,15.0,4.9,16.0
IPX8 Waterproof Swimming Headphones Bone Conduction Bluetooth 5.0 Wireless Headsets 16GB MP3 Audio Music Player Sport Earphone,50.0,"Guangzhou Shen Kang Electronic Technology Co., Ltd.",40.0,50.0,4.3,370.0
Expandable Memory Wireless Mini CarPlay AI BOX Adapter Dual WiFi Support Android Auto With YouTube Netflix IPTV for apple Cars,10.0,"Shenzhen Phoebus Link Technology Co., Ltd.",23.52,23.52,4.9,97.0
Hainayu Chip Integrated Electronic Components Diode Resistor Capacitor with Single SN74HC368NE4 SN74HC273QPWRG4Q1 SN74HC08PWT,1.0,"Shenzhen Hainayu Electronics Co., Ltd.",0.02,0.02,4.8,88.0
Adult 3 Sided Toothbrush Compact & Portable With Enhanced Soft Bristle Design,30.0,"Puning Yuyuantai Plastic Co., Ltd.",0.25,0.25,4.2,7.0
(electronic components) 8183A,1.0,"Shenzhen Winsome Electronic Technology Co., Ltd.",0.003,0.098,4.2,7.0
Portable Electric Kettle 450ml Milk Warm Coffee Water Heater For Travel Portable Kettle For Travel Small Electric Travel Kettle,1.0,"Zhongshan Boya Electric Appliance Co., Ltd.",9.0,10.7,5.0,17.0
"IC.INTEGRATED CIRCUITS, MICROCONTROLLERS.ELECTRONIC COMPONENTS, IGBT TRANSISTORS.SOP8 HT6P20B",5.0,"Shenzhen Yukeda Electronics Co., Ltd.",0.1,0.3,5.0,54.0
Eisler T5 Adult Customized OEM Electric Toothbrush Whitening Rechargeable Sonic IPX7 Medium IPX7 Sonic Electric Toothbrush,10.0,"Ningbo Eisler Electronic Technology Co., Ltd.",5.8,5.8,4.9,24.0
"IC.INTEGRATED CIRCUITS, MICROCONTROLLERS.ELECTRONIC COMPONENTS, IGBT TRANSISTORS.TQFP48 ADG726BSUZ",5.0,"Shenzhen Yukeda Electronics Co., Ltd.",0.1,0.3,5.0,54.0
Xkancode Wearable Ring Wireless Barcode Scanner 2D Image Portable Cordless BT 2.4G Barcode Reader,2.0,"Shenzhen Xkancode Technology Co., Ltd.",32.0,45.0,5.0,54.0
Hainayu Chip IC Integrated Electronic Components Diode Resistor Capacitor with Single M471A1K43DB1-CTDD0 M393A4K40CB2-CVFBQ,1.0,"Shenzhen Hainayu Electronics Co., Ltd.",0.02,0.02,4.8,88.0
600Mbps USB WiFi Blue Tooth Adapter Dual Band 2.4/ 5.8Ghz Wireless External Receiver RTL8821CU Wi-Fi Dongle For PC Laptop,10.0,"Shenzhen V-Star Technology Co., Ltd.",3.3,3.3,4.7,53.0
Hainayu Chip IC Integrated Electronic Components Diode Resistor Capacitor with Single M471A4G43BB1-CWED0 M471A4G43BB1-CWELL,1.0,"Shenzhen Hainayu Electronics Co., Ltd.",0.02,0.02,4.8,88.0
AA LR6 AM3 Alkaline Battery Wholesale New 1.5v Non Rechargeable 5 Years OEM Service Toys With Ce Aluminium Jacket 24g CN;JIA,10.0,"Suzhou Nanguang Battery Co., Ltd.",0.08,0.09,4.8,88.0
Hainayu Chip IC Integrated Electronic Components Diode Resistor Capacitor with Single BOM SPC5746CBK1AMKU6 S9S12P128J0MLH,1.0,"Shenzhen Hainayu Electronics Co., Ltd.",0.02,0.02,4.8,88.0
Cheapest Shipping Products To Europe/USA/ Canada/ Italy/ Mexico/ Spain,2.0,"Fullsea Supply Chain (shenzhen) Co., Ltd.",5.0,5.0,5.0,4.0
"IC.INTEGRATED CIRCUITS, MICROCONTROLLERS.ELECTRONIC COMPONENTS, IGBT TRANSISTORS.SOP14 PIC16F616T PIC16F616T-I/SL",5.0,"Shenzhen Yukeda Electronics Co., Ltd.",0.1,0.2,5.0,54.0
China Eco-friendly Waterproof Scratchproof PE Electronic Protection Durable Plastic Film For Packaging,1.0,"Foshan Ao Chuan Shun New Materials Industry Co., Ltd.",0.22,0.22,4.9,5.0
Hainayu Chip IC Integrated Electronic Components Diode Resistor Capacitor with Single SGMOP17C-2XS8G/TR LAN9252I/PT,1.0,"Shenzhen Hainayu Electronics Co., Ltd.",0.02,0.02,4.8,88.0
Hot Sale 45Inch Handle 90min Runtime 2nd Gear 90min Runtime Electric Home Spin Scrubber 7In1 Multifunction Cleaning Hlove Brush,5.0,"Liupima (dongguan) Technology Co., Ltd.",14.3,14.3,4.7,7.0
Hainayu Chip IC Integrated Electronic Components Diode Resistor Capacitor with Single BOM ISL3331IRZ-T LT6230CS6-TRPBF,1.0,"Shenzhen Hainayu Electronics Co., Ltd.",0.02,0.02,4.8,88.0
BLE 5.0 Easy-to-press Elder Caring Emergency Button,2.0,Shenzhen Moko Technology Ltd.,11.0,11.0,4.8,6.0
Hainayu Chip IC Integrated Electronic Components Diode Resistor Capacitor with Single BOM MCF51AC256BVLKE FRDM665SPIEVB,1.0,"Shenzhen Hainayu Electronics Co., Ltd.",0.02,0.02,4.8,88.0
Little Cute Cat Silicone Children's Bedroom LED Eye Protection Colorful Color Changing Desk Lamp Creative Gift,1.0,"Dongguan Zhanyi Plastic Products Co., Ltd.",3.74,4.21,5.0,1.0
Hainayu Chip IC Integrated Electronic Components Diode Resistor Capacitor with Single BOM Si5383A-D00100-GM ET7301BY,1.0,"Shenzhen Hainayu Electronics Co., Ltd.",0.02,0.02,4.8,88.0
High Quality Brass Euro Standard 60mm Backset Door Lock Cylinder Quality Assured With Reasonable Price,1.0,"Changxing Xianglong Lock Manufacture Co., Ltd.",1.68,1.72,4.8,88.0
"IC.INTEGRATED CIRCUITS, MICROCONTROLLERS.ELECTRONIC COMPONENTS, IGBT TRANSISTORS.QFN-16 3108 CY8CMBR3108 CY8CMBR3108-LQXIT",5.0,"Shenzhen Yukeda Electronics Co., Ltd.",0.03,0.13,5.0,54.0
Portable Mobile Power Charger 2.5W 5V For 3.7V Battery Smart Phone Outdoor Camping Fast Charging Solar Panel,20.0,"Dongguan City Xinliangguang New Energy Technology Co., Ltd.",4.5,4.5,4.4,15.0
"IC.INTEGRATED CIRCUITS, MICROCONTROLLERS.ELECTRONIC COMPONENTS, IGBT TRANSISTORS.TQFP-48 ADG731BSUZ",5.0,"Shenzhen Yukeda Electronics Co., Ltd.",0.1,0.3,5.0,54.0
ODM Home Essentials Professional 180ML 48KHZ UV Ultrasonic Cleaner Dentures Orthodontic Dental Pod Appliances Ultrasonic Cleaner,1.0,"Granbo Technology Industrial Shenzhen Co., Ltd.",9.26,11.6,4.8,35.0
"IC.INTEGRATED CIRCUITS, MICROCONTROLLERS.ELECTRONIC COMPONENTS, IGBT TRANSISTORS.TQFP48 ADG725BSUZ",5.0,"Shenzhen Yukeda Electronics Co., Ltd.",0.1,0.3,5.0,54.0
BLDC High-end 110000rpm Electric Hair Dryer 200 Million Negative Ions High Speed Brushless Motor Professional Hair Dryer,50.0,"Shenzhen Zhichuangyuan Technology Co., Ltd.",32.0,32.0,4.4,17.0
Hainayu Chip IC Integrated Electronic Components Diode Resistor Capacitor with Single BOM P006-001,1.0,"Shenzhen Hainayu Electronics Co., Ltd.",0.02,0.02,4.8,88.0
Hot Sale Small A6 Spiral Bound Stationery Custom Cheap A4 A5 Printed Notepad For Meal Loose Leaf Feature,100.0,"Dongguan Washi Paper Culture Creative Co., Ltd.",0.1,0.5,4.7,32.0
Hainayu Integrated Circuit.electronic Components BOM.microcontroller.IGBT.transistor. SOT23-5 TCS2109-E33,1.0,"Shenzhen Hainayu Electronics Co., Ltd.",0.02,0.02,4.8,88.0
Home Office Basic Mini Portable Desktop Water Cooler Hot&cold&normal Compressor Cooling To Fit Into Different Types Bottle On It,10.0,"Ningbo Good Water Source Environmental Protection Electrical Appliance Co., Ltd.",62.0,65.0,4.6,2.0
(Electronic Components) ELJRE6N8J,1.0,"Shenzhen Winsome Electronic Technology Co., Ltd.",25.0,25.0,4.6,2.0
One Step Hair Dryer Brush Rotating Blower Round Brush Hair Dryer Volumizer Hot Air Curler And Straightener Brush 110v To 240v,1.0,"Ningbo Ryaca Electrical Co., Ltd.",8.5,9.5,4.6,2.0
Hainayu Integrated Chip Electronic Components Diode Resistor Capacitor with Single BOM Table Quotation Battery LS14250 LS14500,1.0,"Shenzhen Hainayu Electronics Co., Ltd.",0.13,0.17,4.8,88.0
Glomarket Tuya Zigbee Tempered Glass Concave Button Touch Light Switch 1/2/3/4 Gang Wifi Wall Switch Work With Google Alexa,5.0,"Shenzhen Glomarket Technology Co., Ltd.",9.5,14.0,4.8,101.0
Hainayu Chip IC Integrated Electronic Components Diode Resistor Capacitor with Single BOM MCP2221A-I/ST MIC47050YML-TR,1.0,"Shenzhen Hainayu Electronics Co., Ltd.",0.02,0.02,4.8,88.0
Wholesale Factory 110V 220V Capacitive 12v 1A Smart Led Bathroom Mirror Touch Sensor Switch with Dimming for Mirror Touch Switch,5.0,"Zhongshan Lailux Led Lighting Co., Ltd.",0.83,0.98,4.7,54.0
(Electronic Components) EB42,1.0,"Shenzhen Winsome Electronic Technology Co., Ltd.",25.0,25.0,4.7,54.0
AU European 220V To 110V Travel Adapter Converter All In 1 Waterproof Industrial Plug& Socket Best Travel Plug With USB,500.0,"Ningbo Selamp Electronic Tech Co., Ltd.",0.6,1.7,4.5,7.0
(ELECTRONIC COMPONENTS) C70E,1.0,"Shenzhen Winsome Electronic Technology Co., Ltd.",25.0,25.0,4.5,7.0
USB Extender Can Extend USB 3.2 Gen 1 5Gbps Signal To A Distance Up To 100m,10.0,"Shenzhen Keqi Electronics Co., Limited",195.0,205.0,4.9,10.0
"IC.INTEGRATED CIRCUITS, MICROCONTROLLERS.ELECTRONIC COMPONENTS, IGBT TRANSISTORS.106FBGA H5CG46AGBDX017N",5.0,"Shenzhen Yukeda Electronics Co., Ltd.",0.1,0.3,5.0,54.0
Intelligent Plug RF Wireless Remote Control Outlet European Socket Plug,100.0,"Ningbo Aipulan Lighting Technology Co., Ltd.",3.2,3.5,5.0,2.0
(electronic components) LED7,10.0,"Shenzhen Winsome Electronic Technology Co., Ltd.",88.0,88.0,5.0,2.0
Brass C3604 C6801 Beryllium Copper Gold Plated 4 Pin 3 Pin SMT Spring Loaded Pogo Pin Connector,100.0,"Shenzhen In-Sail Precision Parts Co., Ltd.",0.5,0.5,5.0,2.0
Hainayu Chip IC Integrated Electronic Components Diode Resistor Capacitor with Single BOM MAX86141ENP+,1.0,"Shenzhen Hainayu Electronics Co., Ltd.",0.02,0.02,4.8,88.0
AFLION OEM Custom 104 Key Pbt Translucent Keyboard Mechanical Keyboard Special Color Personalized Two Color Key Cap,1.0,Dongguan Golden Orange Electronics Technology Limited,18.0,18.0,5.0,16.0
"IC.INTEGRATED CIRCUITS, MICROCONTROLLERS.ELECTRONIC COMPONENTS, IGBT TRANSISTORS.SOT89 4K 2SA2206 2SA2206(TE12L.F)",5.0,"Shenzhen Yukeda Electronics Co., Ltd.",0.01,0.02,5.0,54.0
Fashion Smartwatch bluetooth ultra Relogio Reloj Inteligente Montre Intelligente Smart Watch Band 2025 Mystery Box,5.0,"Quanzhou Tucson Technology Co., Ltd.",3.5,3.5,4.5,184.0
"Adult 10000+ Soft Toothbrush, Black And White Classic Color, High-quality Toothbrush In Stock",3.0,"Yangzhou Yichuan Plastic Technology Co., Ltd.",0.45,0.45,4.2,26.0
15.6 Portable Monitor Lcd Dual Laptop Secondary Screen Consumer 2024 Mobile Monitor,10.0,"Shenzhen E-Tech Digital Technology Co., Ltd.",135.0,135.0,4.9,65.0
Cheap Fingerprint Smart Thumbprint Padlock USB Charging IP55 Waterproof Smart Fingerprint Padlock Quick Unlock,5.0,"Qingdao Minmetals Industry Co., Ltd.",8.53,8.53,5.0,4.0
Smart Watch Egg Surprise Sale Machine Lucky Plastic Wardrobe Electronic La Pc 5g Smartphone Mystery Box,1.0,"Shenzhen Yueqian Mofang Trading Co., Ltd.",4.9,4.9,3.7,385.0
YUXING Modern Zinc Alloy Door Lock Stopper Strong Magnetic Under Floor Door Stopper For Hotels,500.0,"Guangdong Yuxing Industry Co., Ltd.",0.76,0.77,5.0,2.0
Solar Power Bank 10000mAh Built in 4 Cables Outdoor Waterproof Portable Charge Flashlight Wireless Power Banks Solar,20.0,"Shenzhen Toptai Technology Co., Ltd.",5.2,6.2,4.7,42.0
USB Led Folding Eye Protection Desk Lamp Charged 1200mA Third Gear Dimming Mobile Phone Holder Reading Study Lamp,10.0,"Shantou Baojiayuan Technology Co., Ltd.",1.96,2.35,4.7,42.0
10000mAh Power Banks & Power Station Consumer Outdoor Wireless Fast Charging Portable Power Bank for Phone,100.0,"Ansmann Electronics (huizhou) Co., Ltd.",2.5,3.9,4.9,6.0
Patent Free Electric Toothbrush Replacement Heads Brushes Refill 4pcs Oral Brushes,10.0,"Guangzhou Aqua Skimmer Technology Co., Ltd.",0.55,0.55,4.8,17.0
LX60 Best Seller Electronics A9 Audifonos Bluetooth HeadsetTouch Screen ANC Ecouteur In-Ear Noise Reduction Battery Ecouteur,2.0,"Guangzhou Shen Kang Electronic Technology Co., Ltd.",5.4,5.4,4.3,370.0
Bathroom Hand Soap Dispenser Ceramic ABS Gold Marbling Dish Soap And Lotion Bottle Pump 300ml Soap Dispenser,10.0,"Shenzhen CHY Technology Co., Ltd.",3.15,3.15,4.8,31.0
100% Surprise Reviews Lucky Game Controllers Novelty Random Mouse Pads Mystery Box Smartwatch Phone SmartPhone,1.0,"Shenzhen Cyber Blue Electronic Co., Ltd.",44.14,44.14,4.1,189.0
Creative Bracelet Super Fast Charging Data Cable Charging Treasure Special 22cm Portable Wearable Data Cable,1.0,"Shenzhen Kaibao Technology Co., Ltd.",1.39,1.39,4.6,3.0
100% Surprise Novelty Electronics Random Mouse Pads Lucky Game Controllers Mysterious Christmas Gift Mystery Box Smartwatch,1.0,"Shenzhen If Then Technology Co., Ltd.",7.68,7.68,4.2,126.0
Aurora Borealis Star Starry Ocean Wave Projector LED Tabletop Bluetooth Music Speaker Player Night Light Northern Lamp,2.0,"Zhongshan Yixin Lighting Co., Ltd.",3.95,4.65,4.8,27.0
10.1 Inch Capacitive Touch Screen Monitor for Consumer 10.1-24 Inch Models 12 Months Warranty,2.0,"Shenzhen Kaiyan Electronic Technology Co., Ltd.",190.0,190.0,4.8,27.0
Factory Price Security Padlock Smart Door Lock Rechargeable Standard Waterproof Padlock With Fingerprint Key Wireless,2.0,Shenzhen Snp Industrial Group Corporation,6.8,9.5,5.0,9.0
Top Seller VIV-23M Headsets Led Light Headphones Gaming Headset Earbuds Free Shipping'S Items Mobile Phone,1.0,"Guangzhou Jianniobium Digital Co., Ltd.",2.88,2.88,4.3,98.0
Hot Selling 3 In 1 Laundry Detergent Pods For Washing Machine Washing Laundry Beads Laundry Detergent Capsules Clean Pods,2.0,"Guangdong Authentic Daily Chemical Technology Co., Ltd.",1.8,2.18,4.9,22.0
50000mAh Power Banks & Power Station Consumer Outdoor Fast Charging Power Bank Portable Charger Powerbank 50000mah,20.0,"Shenzhen Hedelong Industrial Co., Ltd.",3.99,10.88,4.8,41.0
Factory Wholesale Interactive Cat Toy-Automatic Rolling Ball Indoor Playing Stimulating Kitty's Hunting Instinct,10.0,"Ningbo Shuen Pet Products Co., Ltd.",1.63,1.63,5.0,2.0
Hot Product Free Samples Wired Headset Earphone OEM Headphones Gaming With Microphone for PC Computer Accessories,5.0,"Shenzhen Siberia Electronic Co., Ltd.",1.51,3.0,3.6,7.0
New Arrival 110v 220v Travel Portable Electric Garment Clothes Steamer 1200w Handheld Garment Steamer For Travel,120.0,"Ningbo Yinzhou Tingbin International Trade Co., Ltd.",10.0,10.0,4.5,41.0
High Quality HD08 Consumer Electronics,5.0,"Guangzhou Yienmanei Technology Co., Ltd.",60.0,60.0,4.6,94.0
Best Selling Bone Conduction Speaker For Sleep Stereo Bass Under Pillow Wireless Music Box Super Bass Audio Smart White Noise,10.0,"Shenzhen Abis Precision Technology Co., Ltd.",10.49,10.49,4.8,26.0
Holiday Wholesale mystery box 3C 5g smartphone surprise with products gadgets mystery box with items gift box,1.0,"Shenzhenshi Jingyingtong Trading Co., Ltd.",9.8,9.8,3.6,117.0
Smart Uv Light Self Cleaning Water Bottle With Reminder To Drink App 500ml Led Digital Temperature Display 316 Stainless Steel,50.0,"Shenzhen Lampda Photoelectric Technology Co., Ltd.",3.6,11.88,4.6,26.0
950BT Wireless Earphone Imported Wholesale Electronics Headphone,100.0,"Shenzhen Jackkay Electronic Technology Co., Ltd.",3.92,4.8,4.5,8.0
High Quality Argentina S-Mark Certificated 5W USB Wall Charger Mini Portable 5V 1A USB-A Fast Charger OVP For Earphones,100.0,"Guangdong Sengoog Technology Co., Ltd.",1.0,1.0,4.7,4.0
P47 M Audifonos Top Selling On-Ear Wireless Gaming Headset Blue Tooth Stereo Cute Cat Earphone for Aviation,2.0,"Shenzhen Yitaiwenhua Technology Co., Ltd.",1.45,1.45,4.4,842.0
Cheapest Factory Customizable Waterproof Non-slip Self-adhesive Silicone Rubber Bumper Foot Pad For Furniture Car,100.0,"Dongguan Singyik Environmentally Friendly Materials Co., Ltd.",0.01,0.01,5.0,2.0
Consumer Electronics P700 Mini Portable Projector Mobile Phone Android Video Led Smart Projectors & Presentation Equipment,1.0,"Shenzhen Salange Technology Co, Ltd.",45.8,45.8,4.6,80.0
250V Modern Custom Indian Socket Wall Switches And Sockets Electrical,100.0,"Lonon Industry Co., Ltd.",2.36,7.47,5.0,5.0
Used PS5 Slim Electronics New or Uesd,1.0,"Guangzhou Shuoshun Trading Co., Ltd.",190.0,210.0,5.0,5.0
AA AAA Factory Compatible With Energizer 1.5V LR6 LR03 Alkaline AA Battery For Remote Control Toys And Consumer,15.0,"Shuyang Xinneng Battery Co., Ltd.",0.08,0.08,3.0,3.0
Surprise Explosion Box by Mystery Box Electronics for All Special Occasions Exclusive for Consumer,1.0,"Shenzhen Yunqin Fangji Technology Co., Ltd.",9.88,9.88,4.0,185.0
"Free Sample 100ml Grinder Cap Glass Spice Bottle, Kitchen Gadgets Disposable Salt And Pepper Grinders",1.0,"Wuxi Tricera Trading Co., Ltd.",0.23,0.8,4.8,6.0
Surprise Electronics with Products Remax Auricular Audifonos Wireless Stereo Headset Tws Earbuds Sport Tws Earphones Headphones,1.0,"Shenzhen Jidimei Technology Co., Ltd.",9.8,9.8,3.5,502.0
Mini Home Aromas Humidifier For Car Or Home Innovative Products 2021 USB Home Essential Air Humidifiers,1.0,"Dongguan Xingying Intelligent Home Co., Ltd.",4.85,4.85,3.5,502.0
3C Electronics LED Reloj Wireless Bluetooth Earbuds Birthday Surprise Gift Boxes Lucky Mystery Blind Box Activity Tracker Pro,1.0,"Chengdu Xiaoliji Cultural Communication Co., Ltd.",19.9,19.9,4.1,30.0
2 In 1 USB Rechargeable Electric Bug Zapper Indoor Mini Mosquitoes Trap Lamp Racket Powerful Grid For Home & Outdoor Use,500.0,"Chaozhou City Feiba Electrical Appliance Co., Ltd.",1.59,1.99,4.7,4.0
Industrial Plastic Enclosure for Battery Box for Consumer,1.0,"Shenzhen Vin Plastic & Metal Products Co., Ltd.",4.5,4.5,4.8,12.0
2.4 GHZ K9 Dual Microfone Sem Fio Para Celular Micro Sans Fil Lapel Mini Lavalier Mic Wireless Microphone For Mobile Cell Phone,10.0,"Shenzhen Yongchuangcheng Technology Co., Limited",3.9,4.9,4.7,40.0
Best Selling Products 2025 Led Display Capsule for Mobile Phone for 50000Mah Fast Charging Portable Mini Power Bank,20.0,"Shenzhen Huaye Electronics Co., Limited",1.85,3.28,4.6,22.0
New Colorful Bpa Free Water Bottle Custom Double Wall Insulated Stainless Steel Water Bottle With Logo,50.0,"Yiwu Qipeng Daily Necessities Co., Ltd.",3.1,3.6,5.0,16.0
Wholesale High Quality OEM True Wireless Earphone Bluetooth 5.2 Colorful Waterproof Music Hi-FI Earphones Earbuds,1.0,"Guangzhou Langston Electronic Technology Co., Ltd.",3.1,3.4,4.8,300.0
LULA 2025 Kids Rechargeable Electric Toothbrush Super Soft Nano Head IPX7 Waterproof For Children's Household Use,2.0,"Shantou Lula Plastic Products Co., Ltd.",7.99,7.99,4.8,22.0
Factory YG300 4k HD Salange J9pro Portable Projector Mini Beam Pocket Mobile Home Video Projector Kids Story Projector,2.0,"Suzhou Huizhide Glass Material Technology Co., Ltd.",8.39,8.69,4.7,4.0
Hifi Headphones 3.5mm Type-C Wired Earphones with Earphone Custom logo for apple 5/6/7/15/16 Samsung/Xiaomi,20.0,"Shenzhen Xintailai Electronics Co., Ltd.",1.2,1.5,4.5,10.0
"2024 Smart Kitchen Accessories 4In1 Battery-Powered Electric Wine Opener Set with Base,Wine Pourer,Wine Stopper",25.0,"Zhuhai Kelitong Electronic Co., Ltd.",3.25,3.25,4.3,15.0
Aspor New Arrival 10000mAh Magnetic Wireless Fast Charging Power Bank 15W Ultra Slim Waterproof Design Type-C Input Smart Phones,999.0,"Guangzhou Aspor Electronics Co., Ltd.",6.81,6.81,4.4,16.0
YOUMAY U Shape Neck Back Shoulder Car Home Use Vibration Slimming Electric Massage Belt,2.0,"Huizhou Youmay Medical Equipment Co., Ltd.",4.99,8.99,4.2,4.0
Type-C Wired Earphones Hifi in Ear 3.5mm with Mic with for iphone Huawei/Xiaomi/Samsung,10.0,"Shenzhen Xintailai Electronics Co., Ltd.",1.3,1.6,4.5,10.0
Intel Core I3 2nd Generations 23.8 Inch All in One Pc I3 2100 RAM 4GB 128GB All-in-one Pc Desktop Computer,2.0,"Shenzhen Manwei Brother Technology Co., Limited",98.0,125.0,4.9,26.0
Portable Triple Screen 16:10 Innovative Electronic Products Dual Screen Laptop 14 Inch for Windows and for Mac Laptop,1.0,"Elekworld Technology Co., Ltd.",167.69,167.69,4.7,118.0
Factory Sale Mini Bluetooth Portable Speaker 40mm 4ohm 5W Waterproof Multifunction Driver Compact Portable Speakers,500.0,"Shenzhen Xuanda Electronics Co., Ltd.",0.89,1.0,5.0,5.0
"Hot Sale for Wholesale Lcd Led Oled Gaming 24"" 27"" 32"" 34"" 21.5inch 1080p 144hz 165hz 240hz Vga Cable Pc Monitors",1.0,"Guangdong Waigaa Electronics Co., Ltd.",45.0,45.0,5.0,9.0
Clothes Stain Remover Spray Powerful Stain Odor Remover Cleaning Spray,3.0,"Zhongshan Jietai Daily Chemical Co., Ltd.",0.93,1.25,5.0,9.0
"Factory Price BT Call 2.01"" TFT HD 300 MAh REAL SENSOR IP67 CE RoHS Original Smart Watch LCD Display",1.0,"Shenzhen Efast Technology Co., Ltd.",8.5,8.5,4.6,225.0
Ice Charge 10000mAh Portable Intelligent Cooling Fan Wireless Fast Charger Magnetic Power Bank With Built-in Fan,500.0,"Shenzhen Hisone Technology Co., Ltd.",8.8,9.8,4.9,12.0
Hainayu Chip IC Integrated Electronic Components Diode Resistor Capacitor with Single BSZ019N03LS XDPE19283B-0000-US02G,1.0,"Shenzhen Hainayu Electronics Co., Ltd.",0.02,0.02,4.8,88.0
3 in 1 Spin Scrubber Wireless USB Rechargeable Kitchen Bathtub Tile Cleaning Dishwashing Brush Electric Cleaning Brush,50.0,Guangzhou Ruipu Industrial Company Limited,1.48,1.5,4.8,8.0
"IC.INTEGRATED CIRCUITS, MICROCONTROLLERS.ELECTRONIC COMPONENTS, IGBT TRANSISTORS.SOP18 TD62783AFG",5.0,"Shenzhen Yukeda Electronics Co., Ltd.",0.03,0.13,5.0,54.0
Factory Direct Wall Mounted Wall Socket Indian Electric Switches And Sockets,500.0,"Lonon Industry Co., Ltd.",1.76,4.58,5.0,5.0
"IC.INTEGRATED CIRCUITS, MICROCONTROLLERS.ELECTRONIC COMPONENTS, IGBT TRANSISTORS.QFN33-16 DIO6833ECL16",5.0,"Shenzhen Yukeda Electronics Co., Ltd.",0.1,0.2,5.0,54.0
Wholesale High Quality Leather Portable Bracelet Cable Fashion Mini Data Charging Cable,2.0,"Shenzhen Kaibao Technology Co., Ltd.",1.5,1.5,4.6,3.0
"IC.INTEGRATED CIRCUITS, MICROCONTROLLERS.ELECTRONIC COMPONENTS, IGBT TRANSISTORS.TO-252 9M15BG MC79M15BDTRKG",5.0,"Shenzhen Yukeda Electronics Co., Ltd.",0.03,0.12,5.0,54.0
Men Women's New IP68 Waterproof Smart Ring Multi-Sport Mode Heart Rate Blood Oxygen Sleep Monitoring Features Android Compatible,5.0,"Shenzhen Bsxtek Technology Co., Ltd.",15.46,16.5,5.0,1.0
(electronic components) 216015,1.0,"Shenzhen Winsome Electronic Technology Co., Ltd.",0.12,0.307,5.0,1.0
20W PD USB Fast Charger Type-c Wall Charger 3C CCC CQC Certification QC3.0 USB-C Charging For AirPods Watch 5V3A OTP Made China,100.0,"Guangdong Sengoog Technology Co., Ltd.",1.4,1.7,4.7,4.0
(electronic components) 85340,1.0,"Shenzhen Winsome Electronic Technology Co., Ltd.",0.12,0.307,4.7,4.0
Smart Portable Travel Kettle Portable Electric Cup And Multiple Functions For Trip Mini Electric Kettle Smart Boiler For Trips,1.0,"Zhongshan Boya Electric Appliance Co., Ltd.",9.5,11.0,5.0,17.0
"IC.INTEGRATED CIRCUITS, MICROCONTROLLERS.ELECTRONIC COMPONENTS, IGBT TRANSISTORS.VQFN-16 L61495 LM61495RPHR",5.0,"Shenzhen Yukeda Electronics Co., Ltd.",0.2,0.5,5.0,54.0
BC-6Y Fully Automatic 6 Head Smd Pick and Place Assembly Machine Desktop Chip Mounter LED Smt Production Pick and Place Machine,1.0,"Wenzhou Zhengbang Electronic Equipment Co., Ltd.",10785.0,10785.0,4.7,22.0
"IC.INTEGRATED CIRCUITS, MICROCONTROLLERS.ELECTRONIC COMPONENTS, IGBT TRANSISTORS.SOT23-5 TSV911IYLT",5.0,"Shenzhen Yukeda Electronics Co., Ltd.",0.01,0.03,5.0,54.0
Portable Cordless 2500mAh Battery 380R/min 300R/min 2nd Gear Home Electric Spin 7-in-1 Cleaning Kit With Brush-multi,5.0,"Liupima (dongguan) Technology Co., Ltd.",11.5,14.3,4.7,7.0
(ELECTRONIC COMPONENTS) AL1H-M11G,1.0,"Shenzhen Winsome Electronic Technology Co., Ltd.",0.244,0.987,4.7,7.0
24pcs/Carton Wholesale Waterproof Neutral Silicone Sealant Mildew Proof Kitchen Bathroom Caulking Sealant,24.0,"Hebei Pengda Technology Development Co., Ltd.",0.4,0.75,4.0,4.0
"IC.INTEGRATED CIRCUITS, MICROCONTROLLERS.ELECTRONIC COMPONENTS, IGBT TRANSISTORS.TQFP240 EP3C16Q240C8N",5.0,"Shenzhen Yukeda Electronics Co., Ltd.",0.2,0.5,5.0,54.0
50L Smart Recycle Trash Bins Manufacturer Design Sensor Dustbin 13Gallen Waste Bin Automatically For Kitchen Garbage,2.0,"Zhongshan Hi-na Lifestyle Co.,Ltd.",21.5,26.5,4.7,8.0
(ELECTRONIC COMPONENTS) DEVICE5,1.0,"Shenzhen Winsome Electronic Technology Co., Ltd.",0.22,0.54,4.7,8.0
Mobile Phone USB Car Chargers With Dual USB C Port PD 40W Fast Charging Car Phone Charger Adapter,10.0,"Jiangmen Pengjiang District Sichuang Trading Co., Ltd.",1.25,1.25,4.2,5.0
(Electronic Components) LF-120,5.0,"Shenzhen Winsome Electronic Technology Co., Ltd.",0.132,0.401,4.2,5.0
3/4W High Voltage 2010 1K-100R Ohm 1% 5% SMD Chip Resistor Thick Film Chip Resistors,10.0,"Dongguan Tairan Electronics Co. , Ltd.",0.05,0.07,5.0,7.0
Hybrid 5000W Solar Inverter Converter Pure Sine Wave 12V 24V 220V 110v 600W 1000W 1500W Onduleur Air Conditioner 1A UPS Car E4g,1.0,"Zhongshan Baoyue Core Electronics Co., Ltd.",84.0,84.0,4.8,31.0
Fingerprint Door Lock With Bluetooth Bedroom Door Keyless Easy Entrance Tubular Smart Knob Lock For Home,1.0,"Jianshi Lock Industry Co., Ltd",19.4,19.8,5.0,1.0
Consumer Electronics Battery,1.0,"Shaanxi Silk Road Cloud Path Technology Co., Ltd.",30.0,30.0,4.9,11.0
LED Light Silent Disco Wireless Headphone For Club Party DJ,100.0,"Shenzhen Go-On Electronics Co., Ltd.",10.0,30.0,4.9,11.0
Hainayu Chip IC Integrated Electronic Components Diode Resistor Capacitor with Single Refrigerator Contactor 1 Pole 40A 200V,1.0,"Shenzhen Hainayu Electronics Co., Ltd.",0.02,0.02,4.8,88.0
Rechargeable USB Sound Recorder Module With Push Button MP3 Audio Playback Toy Voice Recorder Speaker Sound Module For Postcard,10.0,"Shenzhen Chenghui Technology Co., Ltd.",2.5,2.5,4.8,40.0
"IC.INTEGRATED CIRCUITS, MICROCONTROLLERS.ELECTRONIC COMPONENTS, IGBT TRANSISTORS.TSOC6 DS28E15P DS28E15P+T",5.0,"Shenzhen Yukeda Electronics Co., Ltd.",0.1,0.2,5.0,54.0
Universal Travel Adapter White US UK EU AU International All-in-one Plug,10.0,"Dongguan Traveler Electrical Appliance Co., Ltd.",0.7,0.7,4.9,9.0
"IC.INTEGRATED CIRCUITS, MICROCONTROLLERS.ELECTRONIC COMPONENTS, IGBT TRANSISTORS.LFCSP20 ADP5071 ADP5071ACPZ ADP5071ACPZ-R7",5.0,"Shenzhen Yukeda Electronics Co., Ltd.",0.1,0.3,5.0,54.0
Large Size Acoustic Vent Film Microphone Speaker Waterproof Membrane For Medical Security Monitoring Digital,100.0,"Dongguan Singyik Environmentally Friendly Materials Co., Ltd.",0.1,0.1,5.0,2.0
"IC.INTEGRATED CIRCUITS, MICROCONTROLLERS.ELECTRONIC COMPONENTS, IGBT TRANSISTORS.SOT23-5 A1262LLHLX A1262LLHLX-T",5.0,"Shenzhen Yukeda Electronics Co., Ltd.",0.01,0.03,5.0,54.0
New Design 1Sets Electric Ear Cleaner Safety Electric Vacuum Earwax Cleaner Wax Remover Painless Cleaning Tool,2.0,"Market Union Co., Ltd.",3.0,3.0,4.6,58.0
S01 Earbuds TWS Earphones Noise Cancelling ENC&ANC Gaming Headset Gaming Headphones Earbuds,2.0,MISSION ELECTRONIC LIMITED,6.9,6.9,4.6,78.0
BSCI Factory Custom Foreign Language Arabic Russian Spanish ESP Keyboard Skin Silicone Keyboard Colorful Laptop Keyboard Covers,50.0,"Shenzhen HRH Technology Co., Limited",0.32,0.32,5.0,2.0
S01 ENC&ANC TWS Earbuds Bluetooth V5.4 Noise Cancelling Headset Earphones & Headphones Gaming Model In-ear Earphones,2.0,MISSION ELECTRONIC LIMITED,6.9,6.9,4.6,78.0
Compact USB Rechargeable Cigarette Lighter Top Bottom Slide Cover Type-C Charging Power Outage Protection Plastic Logo Giveaways,100.0,"Wenzhou Chulang Trading Co., Ltd.",0.55,0.79,4.6,78.0
Bluetooth Earphones LED Battery Display Headphones Wholesale OEM & ODM Wireless Earbuds,100.0,"Trulyway Electronic Development Co., Ltd.",5.2,5.9,4.5,107.0
"Three Level Adjustable Ear Plugs Noise Reduction Modes For Ultimate Control Flexible Earplugs For Focus, Travel",1.0,"Shenzhen Quanmeng Technology Co., Ltd.",6.4,6.4,4.7,22.0
Mini Auriculares B10 A7 Tws Earbuds Touch Control Wireless Earphone Stereo Headphones Noise Cancelling Headset Fone De Ouvido,10.0,"Shenzhen Fangyixin Technology Co., Ltd.",3.95,3.95,4.9,142.0
"Factory Wholesale European Modern Classic Luxury Golden Tableware Set, Free Combination Of Knives, Forks And Spoons",50.0,"Xiamen Prosper Tableware Co., Ltd",0.9,1.8,4.9,5.0
Hifi Headphones 3.5mm Type-C Wired Earphones with Earphone Custom logo for iphone 5/6/7/15/16 Samsung/Xiaomi,10.0,"Shenzhen Xintailai Electronics Co., Ltd.",1.3,1.6,4.5,10.0
15w Charging Magnetic Wireless Charger Smart Phone Wireless Charging Stand,1.0,"Shenzhen Jiabei Technology Co., Ltd.",3.06,3.26,4.5,10.0
Type-C Hifi Mobile 3.5mm Wired Earphones with Mic with Earphone for iphone 15 16 Huawei Xiaomi,10.0,"Shenzhen Xintailai Electronics Co., Ltd.",1.3,1.6,4.5,10.0
Brass Golden Luxury 18/10 Stainless Steel Cutlery Gold Engraved Royal Full Pattern Silverware Set 24 Pcs,1.0,"Shenzhen Winjoy Home Co., Ltd.",7.8,7.8,5.0,6.0
Type-C Hifi Mobile Wired Earphones with Mic with Earphone for iphone 15/16 Huawei/Xiaomi,10.0,"Shenzhen Xintailai Electronics Co., Ltd.",1.4,1.4,4.5,10.0
DOUHE Source Factory 2024 Household Space Air Diffuser Personal Home Remote Control Cooling Steam Fogger Portable Air Humidifier,500.0,"Guangdong Shunde Noon Electrical Technology Co., Ltd.",20.0,30.0,4.5,10.0
Promotion New TWS Earphone with Digital LCD Audifonos Auricular Earphones Earbuds Pro 2 On-ear Headphones Cheap Wireless Earbuds,1.0,Shenzhen Ailepu Electronic Technology Ltd.,5.6,6.2,4.5,10.0
Wash Down Grey Colored Floor Standing Bathroom Sinks And One Piece Toilet Ceramic Sanitary Ware Suite Bathroom Wc Toilet Set,5.0,"Chaozhou Chaoan Ditao Ceramics CO.,LTD",40.0,90.0,5.0,3.0
Wholesale Suppliers Black Technology Blue Tooth Earphones with Intelligent Noise Reduction and Long Range For Sale,5.0,NY Gnome,4.44,6.88,5.0,3.0
Professional 5 In 1Hot Air Brush 1200W Blow Cepillo Secador Rotating One Step Rotating Hair Brush,3.0,"Cixi Utrust Electric Appliance Co., Ltd.",5.76,5.76,4.8,4.0
OEM Wired in Ear Earphone 140mAh Battery Type C Noise Reduction Lapel Clip Lcd Display Waterproof Case True Wireless Earbuds,1.0,Shenzhen Ailepu Electronic Technology Ltd.,7.65,8.25,4.8,4.0
7 in 1 Automatic Electric Coffee Frother with Touch Screen Big Capacity Warm and Cold Milk Foamer Household Use,500.0,"Guangdong Mingjian Electrical Technology Co., Ltd.",19.0,19.0,4.8,4.0
High Quality HIFI Stereo ANC Noise Reduction Earbuds Factory Wireless Headphones with LCD Touch Screen Bass Earphones,10.0,"Shenzhen Besteye Tech Co., Limited",8.55,8.55,4.7,135.0
2025 Wholesale Tens Unit Electric Massage Device Ems Muscle Stimulation Therapy Device Relaxation Body Massager For Homeuse,1.0,SHENZHEN SKYFOREVER TECHNOLOGY LIMITED,12.8,12.8,4.7,12.0
Wireless Earbuds Blue Tooth 5.3 Stereo in Ear True Wireless Head Phone Long Playtime Blue Tooth Earbuds,100.0,"Shenzhen Casun Technologies Co., Ltd.",7.5,7.5,4.8,52.0
Adult 3 Sided Toothbrush Compact & Portable With Enhanced Soft Bristle Design,30.0,"Puning Yuyuantai Plastic Co., Ltd.",0.25,0.25,4.2,7.0
ANC Bluetooth 5.3 Wireless Earbuds With Stereo Sound Hi-Fi Audio LDAC Hybrid ANC Bluetooth V5.3 Earphones ENC,100.0,"Shenzhen Casun Technologies Co., Ltd.",7.5,7.5,4.8,52.0
Wholesale Audifonos Para Sordos Sound Amplifier Hearing Aid Device 16 Channel In Ear Hearing Aid Rechargeable Hearing Aid,5.0,"Zhongshan Great-Ears Electronic Technology Co., Ltd.",30.2,33.9,4.8,38.0
Audifonos Bluetooth 5.3 Earphones TWS Earbuds Headphone Bluetooth Handsfree Headsets Suppliers,1.0,"TAISUNCONN TECHNOLOGY CO., LTD",5.37,5.69,4.8,38.0
2025 Best Seller New Product 2025 Rechargeable Travel Tooth Brush Waterproof IPX7 Electric Toothbrush for Man Woman,500.0,"Wenzhou Oya Intelligent Technology Co., Ltd.",4.5,5.0,4.8,38.0
IPX8 Waterproof Swimming Headphones Bone Conduction Bluetooth 5.0 Wireless Headsets 16GB MP3 Audio Music Player Sport Earphone,50.0,"Guangzhou Shen Kang Electronic Technology Co., Ltd.",40.0,50.0,4.3,370.0
Factory Outlet New Hot Sale Premium Anti-Static Knitted Leather Grounding Blanket For & Laboratories,100.0,"Earthingtek (Fuzhou) Co., Ltd",15.0,16.88,4.3,370.0
"IC.INTEGRATED CIRCUITS, MICROCONTROLLERS.ELECTRONIC COMPONENTS, IGBT TRANSISTORS. SOP8 LTC1147CS8 LTC1147CS8-3.3",5.0,"Shenzhen Yukeda Electronics Co., Ltd.",0.1,0.2,5.0,54.0
Home Use Facial Device Skin Care Beauty Equipment Electric Machine Tools,10.0,"HK SHENGBANGHUA TECHNOLOGY CO., LIMITED",10.5,12.5,4.8,17.0
"IC.INTEGRATED CIRCUITS, MICROCONTROLLERS.ELECTRONIC COMPONENTS, IGBT TRANSISTORS.BGA 5CGXFC9D6F27C7N",5.0,"Shenzhen Yukeda Electronics Co., Ltd.",0.5,1.0,5.0,54.0
2024 XIMALONG Automatic Soft Toothbrush Electric Toothbrush Rechargeable Toothbrush Electric Sonic,2.0,"Shenzhen Ximalong Hi-Tech Co., Ltd.",7.03,7.03,5.0,5.0
"IC.INTEGRATED CIRCUITS, MICROCONTROLLERS.ELECTRONIC COMPONENTS, IGBT TRANSISTORS.BGA729 INDM200C-S01-23-HP",5.0,"Shenzhen Yukeda Electronics Co., Ltd.",0.2,0.5,5.0,54.0
China Manufacturer Super Power R03 Sum-4 Non Rechargeable Mp3 Players Carbon Zinc Aaa Battery,10.0,"Suzhou Nanguang Battery Co., Ltd.",0.02,0.04,5.0,54.0
"IC.INTEGRATED CIRCUITS, MICROCONTROLLERS.ELECTRONIC COMPONENTS, IGBT TRANSISTORS.BGA 10AS066H3F34E2SG",5.0,"Shenzhen Yukeda Electronics Co., Ltd.",0.3,1.0,5.0,54.0
OEM Detachable Adjustable 7-In-1 Multifunctional With 80ml Built-In Container And Remote Control Electric Soin Brush Of Cleaning,5.0,"Liupima (dongguan) Technology Co., Ltd.",14.0,17.5,4.7,7.0
"IC.INTEGRATED CIRCUITS, MICROCONTROLLERS.ELECTRONIC COMPONENTS, IGBT TRANSISTORS.SOP-16 MAX202CWE MAX202CWE+T",5.0,"Shenzhen Yukeda Electronics Co., Ltd.",0.05,0.15,5.0,54.0
Motorcycle Handlebar USB Charger 5V 1.5A Power Supply Socket With Switch Moto Adapter,10.0,"Dongguan Qingjiang Electronics Co., Ltd.",0.92,1.59,5.0,3.0
"IC.INTEGRATED CIRCUITS, MICROCONTROLLERS.ELECTRONIC COMPONENTS, IGBT TRANSISTORS.SSOP-24 NCV7718CDQR2G",5.0,"Shenzhen Yukeda Electronics Co., Ltd.",0.1,0.3,5.0,54.0
Iot Truck-borne Satellite Mobile Phone Iot GPS Vehicle Beidou GPS Positioning System Data Card Traffic Network Card,1.0,"Hainan World Electronic Science and Techology Co., Ltd.",20.0,69.0,5.0,54.0
"IC.INTEGRATED CIRCUITS, MICROCONTROLLERS.ELECTRONIC COMPONENTS, IGBT TRANSISTORS.BGA525 S32G399ASCK1VUCR",5.0,"Shenzhen Yukeda Electronics Co., Ltd.",0.2,0.5,5.0,54.0
WS-8N Vertical Vision Smt Smd Pick and Place Machine Fully Automatic 8 Head Pcb Assembly Machine LED Making Machine With Camera,1.0,"Zhejiang Huaqi Zhengbang Automation Technology Co., Ltd.",12825.0,13300.0,4.8,5.0
Hainayu Electronic Components Fast Delivery Main Integrated IC Chip LED Lighting Driver IC Chip SOT-23-5 MP3301GJ-Z,1.0,"Shenzhen Hainayu Electronics Co., Ltd.",0.02,0.02,4.8,88.0
China Factory Manufacturer Customizable OEM ODM Brand LOGO Price Bluetooth Wireless Earphone Earbuds TWS Headphones,100.0,"Dongguan Pengyuan Optoelectronic Technology Co., Ltd.",5.78,6.28,5.0,2.0
Hainayu IC Electronic Component in Stock BOM List N Type Male Head 50 Ohm 300W 3ghz 4ghz 6ghz RF Virtual Load DC,1.0,"Shenzhen Hainayu Electronics Co., Ltd.",0.13,0.17,4.8,88.0
